date,channel,spend,impressions,clicks
2025-09-01,Instagram Ads,250.3,11705,255
2025-09-01,Influencer,165.15,6533,139
2025-09-01,Google Ads,127.77,5361,117
2025-09-02,Instagram Ads,264.35,14385,498
2025-09-02,Influencer,157.17,5504,181
2025-09-02,Google Ads,104.21,4410,139
2025-09-03,Instagram Ads,234.97,8383,263
2025-09-03,Influencer,154.13,6436,128
2025-09-03,Google Ads,105.63,4136,88
2025-09-04,Instagram Ads,270.48,14235,365
2025-09-04,Influencer,173.32,8711,246
2025-09-04,Google Ads,84.75,4435,105
2025-09-05,Instagram Ads,181.63,7245,219
2025-09-05,Influencer,111.22,4220,121
2025-09-05,Google Ads,123.56,5890,114
2025-09-06,Instagram Ads,183.01,8656,138
2025-09-06,Influencer,160.14,6327,209
2025-09-06,Google Ads,98.51,3889,124
2025-09-07,Instagram Ads,213.11,8765,277
2025-09-07,Influencer,132.79,5736,125
2025-09-07,Google Ads,76.98,2754,81
2025-09-08,Instagram Ads,271.77,11046,230
2025-09-08,Influencer,190.05,10405,254
2025-09-08,Google Ads,118.15,5876,123
2025-09-09,Instagram Ads,183.78,6956,220
2025-09-09,Influencer,170.81,8247,145
2025-09-09,Google Ads,108.4,5468,176
2025-09-10,Instagram Ads,176.98,8617,132
2025-09-10,Influencer,168.62,8045,144
2025-09-10,Google Ads,115.97,4217,132
2025-09-11,Instagram Ads,214.29,10452,349
2025-09-11,Influencer,135.58,6108,148
2025-09-11,Google Ads,79.46,3719,111
2025-09-12,Instagram Ads,312.53,16256,409
2025-09-12,Influencer,169.71,8657,215
2025-09-12,Google Ads,76.93,3366,107
2025-09-13,Instagram Ads,264.5,13089,244
2025-09-13,Influencer,191.79,8262,231
2025-09-13,Google Ads,71.13,2670,81
2025-09-14,Instagram Ads,320.2,13256,208
2025-09-14,Influencer,137.48,4859,91
2025-09-14,Google Ads,115.15,6188,103
2025-09-15,Instagram Ads,258.69,10367,184
2025-09-15,Influencer,124.71,5805,94
2025-09-15,Google Ads,96.05,3621,74
2025-09-16,Instagram Ads,203.61,10722,312
2025-09-16,Influencer,183.16,7815,166
2025-09-16,Google Ads,92.84,3283,96
2025-09-17,Instagram Ads,227.47,9386,253
2025-09-17,Influencer,144.26,7879,174
2025-09-17,Google Ads,106.83,4404,153
2025-09-18,Instagram Ads,241.77,11528,202
2025-09-18,Influencer,170.97,6904,165
2025-09-18,Google Ads,122.99,6692,157
2025-09-19,Instagram Ads,300.22,10828,345
2025-09-19,Influencer,161.66,7238,237
2025-09-19,Google Ads,120.72,4942,152
2025-09-20,Instagram Ads,189.92,9772,278
2025-09-20,Influencer,112.91,5494,146
2025-09-20,Google Ads,105.67,4313,87
2025-09-21,Instagram Ads,289.38,11614,277
2025-09-21,Influencer,167.53,6130,164
2025-09-21,Google Ads,105.36,5129,114
2025-09-22,Instagram Ads,242.35,10081,314
2025-09-22,Influencer,116.75,6334,175
2025-09-22,Google Ads,123.21,5362,116
2025-09-23,Instagram Ads,310.11,11467,198
2025-09-23,Influencer,131.94,7150,197
2025-09-23,Google Ads,103.25,5070,118
2025-09-24,Instagram Ads,288.71,12375,390
2025-09-24,Influencer,129.06,5233,133
2025-09-24,Google Ads,95.85,4597,102
2025-09-25,Instagram Ads,209.58,9304,243
2025-09-25,Influencer,117.83,5436,116
2025-09-25,Google Ads,93.55,3796,127
2025-09-26,Instagram Ads,277.5,11169,311
2025-09-26,Influencer,181.37,7804,246
2025-09-26,Google Ads,79.26,4078,105
2025-09-27,Instagram Ads,208.45,8993,312
2025-09-27,Influencer,175.52,8161,141
2025-09-27,Google Ads,95.07,3827,62
2025-09-28,Instagram Ads,256.33,13530,385
2025-09-28,Influencer,127.47,5923,200
2025-09-28,Google Ads,113.37,5531,190
2025-09-29,Instagram Ads,294.83,11124,244
2025-09-29,Influencer,191.86,8594,148
2025-09-29,Google Ads,97.52,4772,166
2025-09-30,Instagram Ads,223.59,10124,329
2025-09-30,Influencer,136.97,5093,173
2025-09-30,Google Ads,99.31,4474,122
2025-10-01,Instagram Ads,203.62,10918,242
2025-10-01,Influencer,163.24,6281,141
2025-10-01,Google Ads,137.15,6994,235
2025-10-02,Instagram Ads,273.16,13432,337
2025-10-02,Influencer,205.74,10132,226
2025-10-02,Google Ads,104.63,4190,111
2025-10-03,Instagram Ads,370.71,14458,244
2025-10-03,Influencer,134.27,6802,149
2025-10-03,Google Ads,96.82,4071,113
2025-10-04,Instagram Ads,298.14,14868,323
2025-10-04,Influencer,168.99,6259,103
2025-10-04,Google Ads,113.37,4651,126
2025-10-05,Instagram Ads,210.48,7879,254
2025-10-05,Influencer,180.92,8908,283
2025-10-05,Google Ads,113.48,5699,145
2025-10-06,Instagram Ads,241.76,10094,250
2025-10-06,Influencer,154.88,6460,140
2025-10-06,Google Ads,89.75,3293,52
2025-10-07,Instagram Ads,222.31,9309,250
2025-10-07,Influencer,141.44,7462,232
2025-10-07,Google Ads,117.43,5810,129
2025-10-08,Instagram Ads,209.4,11116,195
2025-10-08,Influencer,220.76,10251,216
2025-10-08,Google Ads,115.69,5209,80
2025-10-09,Instagram Ads,264.85,13188,332
2025-10-09,Influencer,147.3,6142,198
2025-10-09,Google Ads,117.78,5366,183
2025-10-10,Instagram Ads,258.83,11541,360
2025-10-10,Influencer,201.03,8104,146
2025-10-10,Google Ads,129.97,5218,174
2025-10-11,Instagram Ads,225.49,9327,150
2025-10-11,Influencer,195.23,10313,285
2025-10-11,Google Ads,146.47,5502,92
2025-10-12,Instagram Ads,348.88,18180,574
2025-10-12,Influencer,205.21,8669,167
2025-10-12,Google Ads,145.84,5999,137
2025-10-13,Instagram Ads,324.72,13270,416
2025-10-13,Influencer,129.11,6561,177
2025-10-13,Google Ads,121.08,5347,109
2025-10-14,Instagram Ads,283.75,12485,333
2025-10-14,Influencer,151.2,5526,98
2025-10-14,Google Ads,129.86,4603,147
2025-10-15,Instagram Ads,323.83,16308,517
2025-10-15,Influencer,134.61,6925,173
2025-10-15,Google Ads,142.83,7531,116
2025-10-16,Instagram Ads,269.62,12275,350
2025-10-16,Influencer,151.68,6073,137
2025-10-16,Google Ads,116.07,6270,189
2025-10-17,Instagram Ads,277.7,10021,184
2025-10-17,Influencer,169.4,8686,196
2025-10-17,Google Ads,118.68,6270,208
2025-10-18,Instagram Ads,240.54,8628,182
2025-10-18,Influencer,194.44,10504,173
2025-10-18,Google Ads,83.18,4382,131
2025-10-19,Instagram Ads,375.65,16128,376
2025-10-19,Influencer,139.79,5216,138
2025-10-19,Google Ads,106.55,3900,127
2025-10-20,Instagram Ads,237.51,11868,245
2025-10-20,Influencer,206.67,7722,232
2025-10-20,Google Ads,88.03,3867,114
2025-10-21,Instagram Ads,233.14,9491,306
2025-10-21,Influencer,214.21,7689,141
2025-10-21,Google Ads,89.38,3449,118
2025-10-22,Instagram Ads,298.99,13263,460
2025-10-22,Influencer,179.95,8677,187
2025-10-22,Google Ads,107.8,5054,82
2025-10-23,Instagram Ads,247.52,9637,147
2025-10-23,Influencer,177.85,8220,186
2025-10-23,Google Ads,99.9,4799,84
2025-10-24,Instagram Ads,293.24,14768,270
2025-10-24,Influencer,200.44,10065,163
2025-10-24,Google Ads,82.51,4495,84
2025-10-25,Instagram Ads,346.05,16000,324
2025-10-25,Influencer,135.37,6082,140
2025-10-25,Google Ads,129.84,6892,214
2025-10-26,Instagram Ads,250.75,13184,417
2025-10-26,Influencer,218.8,9665,293
2025-10-26,Google Ads,122.38,5043,175
2025-10-27,Instagram Ads,209.67,8018,263
2025-10-27,Influencer,128.12,6756,197
2025-10-27,Google Ads,83.75,3650,109
2025-10-28,Instagram Ads,304.46,16354,529
2025-10-28,Influencer,156.53,5743,194
2025-10-28,Google Ads,117.2,4276,133
2025-10-29,Instagram Ads,354.12,16922,405
2025-10-29,Influencer,190.93,9381,308
2025-10-29,Google Ads,147.73,6690,207
2025-10-30,Instagram Ads,370.82,14100,216
2025-10-30,Influencer,212.52,8268,131
2025-10-30,Google Ads,92.34,3941,76
2025-10-31,Instagram Ads,256.11,13959,406
2025-10-31,Influencer,196.15,7236,214
2025-10-31,Google Ads,132.66,6393,125
2025-11-01,Instagram Ads,314.76,16344,464
2025-11-01,Influencer,225.65,10548,253
2025-11-01,Google Ads,152.52,5545,157
2025-11-02,Instagram Ads,428.45,21681,451
2025-11-02,Influencer,171.6,8295,273
2025-11-02,Google Ads,138.17,6293,114
2025-11-03,Instagram Ads,372.66,18277,627
2025-11-03,Influencer,174.26,8735,206
2025-11-03,Google Ads,136.63,7013,136
2025-11-04,Instagram Ads,298.89,15083,398
2025-11-04,Influencer,149.58,6522,174
2025-11-04,Google Ads,164.43,6374,198
2025-11-05,Instagram Ads,256.86,10234,203
2025-11-05,Influencer,242.84,9465,290
2025-11-05,Google Ads,128.98,7091,225
2025-11-06,Instagram Ads,377.46,19784,547
2025-11-06,Influencer,238.83,9606,162
2025-11-06,Google Ads,141.18,6168,145
2025-11-07,Instagram Ads,335.3,14158,389
2025-11-07,Influencer,142.23,7737,259
2025-11-07,Google Ads,166.47,7041,180
2025-11-08,Instagram Ads,419.92,22275,686
2025-11-08,Influencer,186.99,8655,267
2025-11-08,Google Ads,114.02,5419,171
2025-11-09,Instagram Ads,371.08,16546,441
2025-11-09,Influencer,256.05,12044,369
2025-11-09,Google Ads,149.95,7352,215
2025-11-10,Instagram Ads,320.97,14277,347
2025-11-10,Influencer,142.55,5676,102
2025-11-10,Google Ads,162.61,6585,117
2025-11-11,Instagram Ads,254.71,12480,188
2025-11-11,Influencer,194.59,7273,232
2025-11-11,Google Ads,168.31,9118,217
2025-11-12,Instagram Ads,358.61,16852,370
2025-11-12,Influencer,191.35,6943,214
2025-11-12,Google Ads,111.47,4928,121
2025-11-13,Instagram Ads,342.02,17565,506
2025-11-13,Influencer,217.37,9897,167
2025-11-13,Google Ads,124.24,6727,234
2025-11-14,Instagram Ads,375.64,14856,253
2025-11-14,Influencer,187.87,9793,288
2025-11-14,Google Ads,162.4,7684,135
2025-11-15,Instagram Ads,253.73,9124,240
2025-11-15,Influencer,167.45,8320,238
2025-11-15,Google Ads,117.59,4531,77
2025-11-16,Instagram Ads,376.99,16590,356
2025-11-16,Influencer,240.37,11266,285
2025-11-16,Google Ads,151.28,7762,222
2025-11-17,Instagram Ads,318.12,13547,412
2025-11-17,Influencer,200.13,9823,322
2025-11-17,Google Ads,164.94,6689,125
2025-11-18,Instagram Ads,282.73,14144,316
2025-11-18,Influencer,159.2,5885,126
2025-11-18,Google Ads,103.18,3933,112
2025-11-19,Instagram Ads,234.91,8774,279
2025-11-19,Influencer,238.98,9937,166
2025-11-19,Google Ads,148.23,6255,99
2025-11-20,Instagram Ads,262.25,9898,265
2025-11-20,Influencer,245.3,12476,323
2025-11-20,Google Ads,125.83,5961,142
2025-11-21,Instagram Ads,279.73,13590,441
2025-11-21,Influencer,182.9,9479,223
2025-11-21,Google Ads,124.19,4417,127
2025-11-22,Instagram Ads,390.89,18868,340
2025-11-22,Influencer,150.87,7008,161
2025-11-22,Google Ads,126.38,6869,202
2025-11-23,Instagram Ads,312.53,11057,173
2025-11-23,Influencer,219.95,11383,331
2025-11-23,Google Ads,124.55,4436,152
2025-11-24,Instagram Ads,426.29,19603,321
2025-11-24,Influencer,202.87,10721,306
2025-11-24,Google Ads,149.42,5483,93
2025-11-25,Instagram Ads,256.22,13602,347
2025-11-25,Influencer,232.64,8678,291
2025-11-25,Google Ads,157.43,6217,201
2025-11-26,Instagram Ads,283.16,11073,224
2025-11-26,Influencer,246.7,13152,283
2025-11-26,Google Ads,148.27,7193,223
2025-11-27,Instagram Ads,289.71,13095,371
2025-11-27,Influencer,141.72,6028,174
2025-11-27,Google Ads,112.41,6087,94
2025-11-28,Instagram Ads,420.7,16548,264
2025-11-28,Influencer,173.35,8793,264
2025-11-28,Google Ads,108.94,4241,118
2025-11-29,Instagram Ads,321.7,16357,253
2025-11-29,Influencer,211.12,10474,365
2025-11-29,Google Ads,146.16,5793,99
2025-11-30,Instagram Ads,357.9,16271,536
2025-11-30,Influencer,224.92,10165,234
2025-11-30,Google Ads,124.43,4918,75
2025-12-01,Instagram Ads,386.63,15174,290
2025-12-01,Influencer,172.1,6676,104
2025-12-01,Google Ads,163.47,7033,184
2025-12-02,Instagram Ads,400.4,21801,356
2025-12-02,Influencer,211.07,8425,206
2025-12-02,Google Ads,185.34,9170,258
2025-12-03,Instagram Ads,356.96,17284,270
2025-12-03,Influencer,233.49,10758,235
2025-12-03,Google Ads,121.49,6214,99
2025-12-04,Instagram Ads,274.47,12024,241
2025-12-04,Influencer,254.69,12144,369
2025-12-04,Google Ads,132.43,6596,212
2025-12-05,Instagram Ads,335.65,14029,462
2025-12-05,Influencer,162.03,6805,118
2025-12-05,Google Ads,106.17,3955,93
2025-12-06,Instagram Ads,411.5,16783,536
2025-12-06,Influencer,213.69,11617,395
2025-12-06,Google Ads,172.27,9241,269
2025-12-07,Instagram Ads,457.82,18188,398
2025-12-07,Influencer,255.69,11120,353
2025-12-07,Google Ads,181.53,7441,234
2025-12-08,Instagram Ads,293.25,12223,309
2025-12-08,Influencer,185.56,8644,229
2025-12-08,Google Ads,121.97,6209,171
2025-12-09,Instagram Ads,329.54,13064,425
2025-12-09,Influencer,266.72,10560,165
2025-12-09,Google Ads,175.04,8281,140
2025-12-10,Instagram Ads,389.39,17150,522
2025-12-10,Influencer,183.25,8074,146
2025-12-10,Google Ads,188.63,9539,283
2025-12-11,Instagram Ads,412.23,17918,599
2025-12-11,Influencer,165.11,8431,162
2025-12-11,Google Ads,132.37,6008,184
2025-12-12,Instagram Ads,445.15,20777,479
2025-12-12,Influencer,281.47,11239,349
2025-12-12,Google Ads,157.95,6718,100
2025-12-13,Instagram Ads,358.15,14517,248
2025-12-13,Influencer,165.41,6939,189
2025-12-13,Google Ads,177.97,6882,161
2025-12-14,Instagram Ads,346.01,15663,488
2025-12-14,Influencer,229.15,11900,301
2025-12-14,Google Ads,157.22,6878,216
2025-12-15,Instagram Ads,464.09,22175,696
2025-12-15,Influencer,163.26,8672,162
2025-12-15,Google Ads,126.38,4558,156
2025-12-16,Instagram Ads,448.15,23870,762
2025-12-16,Influencer,219.27,11726,403
2025-12-16,Google Ads,148.23,5708,160
2025-12-17,Instagram Ads,475.55,24939,803
2025-12-17,Influencer,279.78,14794,451
2025-12-17,Google Ads,167.38,6744,184
2025-12-18,Instagram Ads,374.77,19577,486
2025-12-18,Influencer,172.42,6051,172
2025-12-18,Google Ads,152.43,6344,116
2025-12-19,Instagram Ads,362.61,13418,291
2025-12-19,Influencer,205.91,9124,222
2025-12-19,Google Ads,126.42,6574,145
2025-12-20,Instagram Ads,309.97,11938,256
2025-12-20,Influencer,164.4,5862,158
2025-12-20,Google Ads,158.58,7229,218
2025-12-21,Instagram Ads,267.69,14380,243
2025-12-21,Influencer,245.18,9235,301
2025-12-21,Google Ads,148.95,5458,149
2025-12-22,Instagram Ads,261.02,13186,369
2025-12-22,Influencer,183.72,7807,118
2025-12-22,Google Ads,165.2,6848,181
2025-12-23,Instagram Ads,471.39,19321,672
2025-12-23,Influencer,239.68,9549,226
2025-12-23,Google Ads,169.35,7439,121
2025-12-24,Instagram Ads,296.43,15066,421
2025-12-24,Influencer,231.3,8870,281
2025-12-24,Google Ads,188.91,6766,112
2025-12-25,Instagram Ads,455.41,23367,639
2025-12-25,Influencer,281.27,13480,260
2025-12-25,Google Ads,168.3,8063,279
2025-12-26,Instagram Ads,306.48,14391,440
2025-12-26,Influencer,200.55,8542,279
2025-12-26,Google Ads,139.49,6625,217
2025-12-27,Instagram Ads,305.58,16696,484
2025-12-27,Influencer,221.48,9660,329
2025-12-27,Google Ads,121.87,5025,106
2025-12-28,Instagram Ads,323.16,14338,498
2025-12-28,Influencer,273.79,11378,266
2025-12-28,Google Ads,163.05,5762,180
2025-12-29,Instagram Ads,454.32,23690,533
2025-12-29,Influencer,216.94,7646,175
2025-12-29,Google Ads,144.49,7678,252
2025-12-30,Instagram Ads,473.47,24952,378
2025-12-30,Influencer,240.84,8758,179
2025-12-30,Google Ads,154.95,7594,213
2025-12-31,Instagram Ads,269.89,10005,175
2025-12-31,Influencer,167.58,6462,185
2025-12-31,Google Ads,177.38,7658,220
2026-01-01,Instagram Ads,336.2,18311,402
2026-01-01,Influencer,297.05,16013,517
2026-01-01,Google Ads,121.4,5827,101
2026-01-02,Instagram Ads,288.39,10392,346
2026-01-02,Influencer,306.29,12103,313
2026-01-02,Google Ads,208.77,9380,214
2026-01-03,Instagram Ads,405.88,20620,506
2026-01-03,Influencer,287.81,12558,251
2026-01-03,Google Ads,146.92,5370,133
2026-01-04,Instagram Ads,323.44,16570,387
2026-01-04,Influencer,285.11,15421,493
2026-01-04,Google Ads,208.42,9662,176
2026-01-05,Instagram Ads,517.11,27081,874
2026-01-05,Influencer,274.53,13039,199
2026-01-05,Google Ads,188.41,6939,140
2026-01-06,Instagram Ads,422.67,18612,285
2026-01-06,Influencer,293.82,15447,442
2026-01-06,Google Ads,168.04,9110,158
2026-01-07,Instagram Ads,468.53,17601,398
2026-01-07,Influencer,258.62,12864,193
2026-01-07,Google Ads,140.44,6427,164
2026-01-08,Instagram Ads,443.86,18232,470
2026-01-08,Influencer,200.21,7755,205
2026-01-08,Google Ads,182.25,6817,118
2026-01-09,Instagram Ads,426.06,17213,393
2026-01-09,Influencer,231.35,8923,134
2026-01-09,Google Ads,198.75,9798,282
2026-01-10,Instagram Ads,421.44,20658,696
2026-01-10,Influencer,270.45,10899,287
2026-01-10,Google Ads,158.32,7303,185
2026-01-11,Instagram Ads,498.26,23934,449
2026-01-11,Influencer,181.5,7892,120
2026-01-11,Google Ads,146.12,6189,139
2026-01-12,Instagram Ads,527.92,21685,440
2026-01-12,Influencer,191.3,8650,156
2026-01-12,Google Ads,175.44,6684,177
2026-01-13,Instagram Ads,490.26,17576,411
2026-01-13,Influencer,240.25,12209,297
2026-01-13,Google Ads,170.65,8673,227
2026-01-14,Instagram Ads,375.14,13773,407
2026-01-14,Influencer,300.78,16362,548
2026-01-14,Google Ads,193.27,9251,283
2026-01-15,Instagram Ads,393.29,18443,405
2026-01-15,Influencer,220.42,11050,266
2026-01-15,Google Ads,135.68,5296,170
2026-01-16,Instagram Ads,453.73,20835,479
2026-01-16,Influencer,235.79,8523,205
2026-01-16,Google Ads,193.07,8255,187
2026-01-17,Instagram Ads,290.87,12843,199
2026-01-17,Influencer,256.38,11571,367
2026-01-17,Google Ads,172.05,7134,180
2026-01-18,Instagram Ads,459.13,16932,464
2026-01-18,Influencer,307.49,12601,346
2026-01-18,Google Ads,195.62,8849,259
2026-01-19,Instagram Ads,363.51,14947,423
2026-01-19,Influencer,276.32,14849,289
2026-01-19,Google Ads,160.87,6436,106
2026-01-20,Instagram Ads,386.19,16405,334
2026-01-20,Influencer,216.04,9118,317
2026-01-20,Google Ads,191.84,6988,226
2026-01-21,Instagram Ads,442.79,23384,510
2026-01-21,Influencer,240.76,12742,260
2026-01-21,Google Ads,204.89,10566,365
2026-01-22,Instagram Ads,366.77,14566,314
2026-01-22,Influencer,313.11,13044,343
2026-01-22,Google Ads,154.52,6632,125
2026-01-23,Instagram Ads,419.12,21789,348
2026-01-23,Influencer,303.45,14659,400
2026-01-23,Google Ads,176.39,7218,168
2026-01-24,Instagram Ads,483.63,19890,485
2026-01-24,Influencer,175.1,8697,203
2026-01-24,Google Ads,166.5,6209,216
2026-01-25,Instagram Ads,361.41,17239,458
2026-01-25,Influencer,288.08,11775,354
2026-01-25,Google Ads,152.44,6588,187
2026-01-26,Instagram Ads,479.93,23198,765
2026-01-26,Influencer,214.29,11360,200
2026-01-26,Google Ads,179.7,8257,205
2026-01-27,Instagram Ads,363.48,16383,298
2026-01-27,Influencer,226.71,8382,221
2026-01-27,Google Ads,124.22,4746,79
2026-01-28,Instagram Ads,380.8,19740,654
2026-01-28,Influencer,182.81,8718,250
2026-01-28,Google Ads,167.32,8088,159
2026-01-29,Instagram Ads,407.45,17445,292
2026-01-29,Influencer,264.53,11878,243
2026-01-29,Google Ads,161.41,8152,252
2026-01-30,Instagram Ads,446.78,19816,525
2026-01-30,Influencer,229.03,8595,195
2026-01-30,Google Ads,166.98,7844,264
2026-01-31,Instagram Ads,478.22,18191,336
2026-01-31,Influencer,187.03,9307,271
2026-01-31,Google Ads,211.86,9627,303
2026-02-01,Instagram Ads,470.64,24700,726
2026-02-01,Influencer,293.15,13573,399
2026-02-01,Google Ads,171.32,6327,99
2026-02-02,Instagram Ads,444.34,20877,346
2026-02-02,Influencer,235.48,9758,256
2026-02-02,Google Ads,156.08,5761,105
2026-02-03,Instagram Ads,361.97,18769,388
2026-02-03,Influencer,304.78,14128,487
2026-02-03,Google Ads,155.46,5933,95
2026-02-04,Instagram Ads,380.06,18501,309
2026-02-04,Influencer,228.64,11913,317
2026-02-04,Google Ads,133.51,4800,77
2026-02-05,Instagram Ads,569.31,29602,944
2026-02-05,Influencer,338.72,15278,304
2026-02-05,Google Ads,169.35,8362,271
2026-02-06,Instagram Ads,432.47,19767,664
2026-02-06,Influencer,206.41,10784,196
2026-02-06,Google Ads,178.26,7017,189
2026-02-07,Instagram Ads,465.81,19843,640
2026-02-07,Influencer,295.89,14624,263
2026-02-07,Google Ads,221.38,8487,165
2026-02-08,Instagram Ads,349.57,15313,501
2026-02-08,Influencer,229.9,9765,311
2026-02-08,Google Ads,192.72,9642,185
2026-02-09,Instagram Ads,508.45,20110,698
2026-02-09,Influencer,279.7,13680,237
2026-02-09,Google Ads,153.07,5785,131
2026-02-10,Instagram Ads,391.72,19452,334
2026-02-10,Influencer,310.83,11163,212
2026-02-10,Google Ads,211.53,10545,258
2026-02-11,Instagram Ads,328.5,15504,358
2026-02-11,Influencer,240.28,11487,272
2026-02-11,Google Ads,135.98,7250,221
2026-02-12,Instagram Ads,330.22,15025,250
2026-02-12,Influencer,324.64,15342,283
2026-02-12,Google Ads,128.24,4569,114
2026-02-13,Instagram Ads,513.28,19205,373
2026-02-13,Influencer,242.02,9526,217
2026-02-13,Google Ads,186.44,9079,311
2026-02-14,Instagram Ads,566.33,26279,780
2026-02-14,Influencer,343.04,12579,190
2026-02-14,Google Ads,129.22,5978,180
2026-02-15,Instagram Ads,414.11,19009,481
2026-02-15,Influencer,204.35,8466,130
2026-02-15,Google Ads,137.96,7068,223
2026-02-16,Instagram Ads,531.53,26330,812
2026-02-16,Influencer,297.7,14407,408
2026-02-16,Google Ads,181.52,7672,227
2026-02-17,Instagram Ads,395.63,18142,429
2026-02-17,Influencer,233.81,12741,257
2026-02-17,Google Ads,159.4,6094,191
2026-02-18,Instagram Ads,473.38,22372,702
2026-02-18,Influencer,244.55,9506,180
2026-02-18,Google Ads,205.12,9698,185
2026-02-19,Instagram Ads,354.17,13250,365
2026-02-19,Influencer,189.02,6684,152
2026-02-19,Google Ads,200.67,9812,231
2026-02-20,Instagram Ads,501.59,22783,786
2026-02-20,Influencer,215.32,10122,251
2026-02-20,Google Ads,147.0,7349,150
2026-02-21,Instagram Ads,418.06,17766,353
2026-02-21,Influencer,258.77,11506,343
2026-02-21,Google Ads,208.63,7963,213
2026-02-22,Instagram Ads,556.97,20705,506
2026-02-22,Influencer,310.56,14667,249
2026-02-22,Google Ads,168.83,7621,266
2026-02-23,Instagram Ads,363.22,19849,447
2026-02-23,Influencer,221.45,9584,261
2026-02-23,Google Ads,149.06,6085,195
2026-02-24,Instagram Ads,584.73,24186,434
2026-02-24,Influencer,317.49,14924,253
2026-02-24,Google Ads,228.25,8345,229
2026-02-25,Instagram Ads,429.46,19812,381
2026-02-25,Influencer,300.47,16283,393
2026-02-25,Google Ads,182.48,7262,238
2026-02-26,Instagram Ads,577.22,29280,757
2026-02-26,Influencer,344.0,13098,321
2026-02-26,Google Ads,184.06,8252,256
2026-02-27,Instagram Ads,496.01,18616,408
2026-02-27,Influencer,243.93,11297,235
2026-02-27,Google Ads,138.67,6666,213
2026-02-28,Instagram Ads,566.53,30848,944
2026-02-28,Influencer,211.63,11017,253
2026-02-28,Google Ads,204.83,9345,295
2026-03-01,Instagram Ads,468.1,16962,443
2026-03-01,Influencer,236.02,12818,327
2026-03-01,Google Ads,202.3,10751,295
2026-03-02,Instagram Ads,432.0,17678,442
2026-03-02,Influencer,358.67,18254,625
2026-03-02,Google Ads,145.65,5879,97
2026-03-03,Instagram Ads,563.82,21321,362
2026-03-03,Influencer,304.88,13179,386
2026-03-03,Google Ads,194.47,8460,198
2026-03-04,Instagram Ads,599.33,25713,557
2026-03-04,Influencer,265.52,10337,332
2026-03-04,Google Ads,154.44,8211,169
2026-03-05,Instagram Ads,607.43,30867,822
2026-03-05,Influencer,323.89,13446,356
2026-03-05,Google Ads,171.59,7386,223
2026-03-06,Instagram Ads,414.72,21472,483
2026-03-06,Influencer,299.67,16133,461
2026-03-06,Google Ads,213.12,10492,350
2026-03-07,Instagram Ads,416.06,19665,452
2026-03-07,Influencer,207.89,7797,167
2026-03-07,Google Ads,203.64,10717,330
2026-03-08,Instagram Ads,505.68,18445,382
2026-03-08,Influencer,270.49,12830,209
2026-03-08,Google Ads,199.55,10581,307
2026-03-09,Instagram Ads,577.34,28078,537
2026-03-09,Influencer,225.29,11622,335
2026-03-09,Google Ads,204.83,7944,215
2026-03-10,Instagram Ads,352.21,13164,279
2026-03-10,Influencer,284.08,10627,184
2026-03-10,Google Ads,222.57,10325,265
2026-03-11,Instagram Ads,476.02,25957,415
2026-03-11,Influencer,237.66,11395,202
2026-03-11,Google Ads,206.51,9572,329
2026-03-12,Instagram Ads,602.72,32493,561
2026-03-12,Influencer,358.94,13489,373
2026-03-12,Google Ads,221.88,8479,234
2026-03-13,Instagram Ads,358.42,14646,489
2026-03-13,Influencer,236.09,8571,204
2026-03-13,Google Ads,237.23,8666,191
2026-03-14,Instagram Ads,607.53,22699,481
2026-03-14,Influencer,343.11,15736,497
2026-03-14,Google Ads,150.32,8028,270
2026-03-15,Instagram Ads,388.66,13866,482
2026-03-15,Influencer,290.87,13508,369
2026-03-15,Google Ads,230.07,11788,222
2026-03-16,Instagram Ads,412.57,21675,680
2026-03-16,Influencer,314.75,17277,513
2026-03-16,Google Ads,162.58,8443,196
2026-03-17,Instagram Ads,353.63,14650,443
2026-03-17,Influencer,375.18,15203,303
2026-03-17,Google Ads,203.48,10425,312
2026-03-18,Instagram Ads,507.63,24177,479
2026-03-18,Influencer,282.11,11314,369
2026-03-18,Google Ads,150.44,7310,147
2026-03-19,Instagram Ads,482.82,19789,424
2026-03-19,Influencer,251.73,12600,281
2026-03-19,Google Ads,222.62,9822,254
2026-03-20,Instagram Ads,502.73,27407,612
2026-03-20,Influencer,242.44,12906,238
2026-03-20,Google Ads,235.33,8943,251
2026-03-21,Instagram Ads,387.26,20703,544
2026-03-21,Influencer,263.88,9976,223
2026-03-21,Google Ads,220.11,9398,187
2026-03-22,Instagram Ads,512.76,22231,407
2026-03-22,Influencer,232.96,11449,394
2026-03-22,Google Ads,164.61,8306,139
2026-03-23,Instagram Ads,455.18,20543,418
2026-03-23,Influencer,299.22,15754,533
2026-03-23,Google Ads,149.03,6026,208
2026-03-24,Instagram Ads,422.5,20640,414
2026-03-24,Influencer,268.66,10430,335
2026-03-24,Google Ads,241.0,9866,310
2026-03-25,Instagram Ads,448.32,16579,500
2026-03-25,Influencer,311.01,12592,252
2026-03-25,Google Ads,251.93,13163,410
2026-03-26,Instagram Ads,380.64,19071,367
2026-03-26,Influencer,378.21,13631,300
2026-03-26,Google Ads,187.61,9658,292
2026-03-27,Instagram Ads,453.25,20990,665
2026-03-27,Influencer,209.01,10668,362
2026-03-27,Google Ads,140.97,5062,110
2026-03-28,Instagram Ads,368.8,16443,486
2026-03-28,Influencer,305.8,11904,334
2026-03-28,Google Ads,217.74,11681,209
2026-03-29,Instagram Ads,546.55,29092,728
2026-03-29,Influencer,269.62,10357,334
2026-03-29,Google Ads,183.56,9820,313
2026-03-30,Instagram Ads,453.73,21088,327
2026-03-30,Influencer,252.23,12411,354
2026-03-30,Google Ads,178.76,9147,180
2026-03-31,Instagram Ads,478.61,21274,464
2026-03-31,Influencer,374.2,18310,472
2026-03-31,Google Ads,197.24,7531,169
2026-04-01,Instagram Ads,584.94,31289,980
2026-04-01,Influencer,279.91,12226,203
2026-04-01,Google Ads,161.4,7166,183
2026-04-02,Instagram Ads,454.96,21772,632
2026-04-02,Influencer,279.67,14030,268
2026-04-02,Google Ads,217.63,11117,286
2026-04-03,Instagram Ads,659.73,23862,638
2026-04-03,Influencer,329.78,15897,503
2026-04-03,Google Ads,240.73,12230,254
2026-04-04,Instagram Ads,494.22,23493,612
2026-04-04,Influencer,405.98,15726,346
2026-04-04,Google Ads,221.25,11584,389
2026-04-05,Instagram Ads,477.86,17366,406
2026-04-05,Influencer,297.84,16300,385
2026-04-05,Google Ads,187.29,7923,181
2026-04-06,Instagram Ads,632.25,23153,493
2026-04-06,Influencer,406.97,15490,462
2026-04-06,Google Ads,193.73,9034,153
2026-04-07,Instagram Ads,468.44,21087,414
2026-04-07,Influencer,325.99,12842,359
2026-04-07,Google Ads,263.43,9670,186
2026-04-08,Instagram Ads,639.53,30461,504
2026-04-08,Influencer,315.4,12362,234
2026-04-08,Google Ads,268.05,13464,389
2026-04-09,Instagram Ads,446.98,16704,541
2026-04-09,Influencer,223.72,9566,196
2026-04-09,Google Ads,220.95,8840,187
2026-04-10,Instagram Ads,641.31,30182,540
2026-04-10,Influencer,361.21,14141,334
2026-04-10,Google Ads,230.65,9327,211
2026-04-11,Instagram Ads,604.46,32494,831
2026-04-11,Influencer,224.5,9377,215
2026-04-11,Google Ads,191.54,8375,231
2026-04-12,Instagram Ads,409.52,16566,416
2026-04-12,Influencer,282.81,15504,366
2026-04-12,Google Ads,259.04,13711,434
2026-04-13,Instagram Ads,385.91,20821,365
2026-04-13,Influencer,229.16,9919,187
2026-04-13,Google Ads,171.83,7003,139
2026-04-14,Instagram Ads,588.76,22805,589
2026-04-14,Influencer,410.81,17930,499
2026-04-14,Google Ads,271.7,10257,239
2026-04-15,Instagram Ads,641.36,34406,929
2026-04-15,Influencer,249.96,13255,245
2026-04-15,Google Ads,193.29,8216,196
2026-04-16,Instagram Ads,622.27,31762,933
2026-04-16,Influencer,226.82,10501,314
2026-04-16,Google Ads,204.96,11047,347
2026-04-17,Instagram Ads,573.93,20804,583
2026-04-17,Influencer,396.53,16887,536
2026-04-17,Google Ads,188.23,8734,244
2026-04-18,Instagram Ads,586.6,30885,608
2026-04-18,Influencer,272.66,13382,248
2026-04-18,Google Ads,207.46,7344,130
2026-04-19,Instagram Ads,586.87,29313,507
2026-04-19,Influencer,266.05,9838,232
2026-04-19,Google Ads,164.44,7193,213
2026-04-20,Instagram Ads,588.32,23891,680
2026-04-20,Influencer,399.61,16763,361
2026-04-20,Google Ads,221.09,8823,247
2026-04-21,Instagram Ads,635.66,28087,803
2026-04-21,Influencer,346.98,12412,231
2026-04-21,Google Ads,262.06,14093,431
2026-04-22,Instagram Ads,663.96,27304,544
2026-04-22,Influencer,295.92,10684,333
2026-04-22,Google Ads,273.59,14084,367
2026-04-23,Instagram Ads,464.9,18109,403
2026-04-23,Influencer,349.86,15373,517
2026-04-23,Google Ads,257.06,9523,167
2026-04-24,Instagram Ads,586.04,23216,715
2026-04-24,Influencer,335.43,13281,326
2026-04-24,Google Ads,200.05,10495,164
2026-04-25,Instagram Ads,655.88,31509,937
2026-04-25,Influencer,223.1,10611,284
2026-04-25,Google Ads,216.73,10991,287
2026-04-26,Instagram Ads,643.56,25518,794
2026-04-26,Influencer,256.81,13164,445
2026-04-26,Google Ads,191.1,8713,245
2026-04-27,Instagram Ads,396.27,17785,395
2026-04-27,Influencer,389.06,20438,593
2026-04-27,Google Ads,231.81,11514,256
2026-04-28,Instagram Ads,499.64,23020,777
2026-04-28,Influencer,360.74,16601,504
2026-04-28,Google Ads,195.58,9702,225
2026-04-29,Instagram Ads,459.93,21706,623
2026-04-29,Influencer,310.23,14366,414
2026-04-29,Google Ads,246.05,13018,287
2026-04-30,Instagram Ads,673.57,32160,989
2026-04-30,Influencer,356.12,13928,228
2026-04-30,Google Ads,240.78,10888,316
2026-05-01,Instagram Ads,562.08,23182,479
2026-05-01,Influencer,389.31,15780,462
2026-05-01,Google Ads,212.13,10695,190
2026-05-02,Instagram Ads,469.1,22853,598
2026-05-02,Influencer,281.24,14921,306
2026-05-02,Google Ads,217.2,8480,193
2026-05-03,Instagram Ads,567.14,23198,704
2026-05-03,Influencer,320.24,15880,303
2026-05-03,Google Ads,211.18,7425,224
2026-05-04,Instagram Ads,613.05,31484,759
2026-05-04,Influencer,403.51,19348,291
2026-05-04,Google Ads,194.31,8720,238
2026-05-05,Instagram Ads,421.43,20692,535
2026-05-05,Influencer,347.29,14183,381
2026-05-05,Google Ads,163.36,5928,175
2026-05-06,Instagram Ads,509.09,21350,409
2026-05-06,Influencer,330.84,11923,250
2026-05-06,Google Ads,231.71,10267,359
2026-05-07,Instagram Ads,531.96,22735,570
2026-05-07,Influencer,278.45,14625,386
2026-05-07,Google Ads,185.88,9455,148
2026-05-08,Instagram Ads,735.04,38444,1022
2026-05-08,Influencer,262.24,10307,212
2026-05-08,Google Ads,192.57,8656,293
2026-05-09,Instagram Ads,550.91,26571,764
2026-05-09,Influencer,418.25,14921,344
2026-05-09,Google Ads,266.95,13693,459
2026-05-10,Instagram Ads,639.36,25512,640
2026-05-10,Influencer,246.04,11794,307
2026-05-10,Google Ads,250.82,13444,386
2026-05-11,Instagram Ads,508.59,19822,636
2026-05-11,Influencer,279.28,10677,204
2026-05-11,Google Ads,229.21,8591,290
2026-05-12,Instagram Ads,729.46,39738,627
2026-05-12,Influencer,433.56,23823,806
2026-05-12,Google Ads,251.38,12323,214
2026-05-13,Instagram Ads,698.01,25262,539
2026-05-13,Influencer,442.78,19237,339
2026-05-13,Google Ads,292.2,15978,299
2026-05-14,Instagram Ads,694.76,29741,672
2026-05-14,Influencer,293.31,10528,214
2026-05-14,Google Ads,166.96,8930,252
2026-05-15,Instagram Ads,702.22,34651,610
2026-05-15,Influencer,432.41,22916,503
2026-05-15,Google Ads,174.86,8582,253
2026-05-16,Instagram Ads,705.72,25443,453
2026-05-16,Influencer,362.16,17160,268
2026-05-16,Google Ads,213.9,9985,297
2026-05-17,Instagram Ads,507.12,22657,708
2026-05-17,Influencer,435.14,17234,345
2026-05-17,Google Ads,288.17,12367,363
2026-05-18,Instagram Ads,608.39,24768,695
2026-05-18,Influencer,373.92,17517,297
2026-05-18,Google Ads,295.74,12719,353
2026-05-19,Instagram Ads,701.93,30509,929
2026-05-19,Influencer,438.82,18508,427
2026-05-19,Google Ads,283.48,10826,168
2026-05-20,Instagram Ads,709.84,36508,1257
2026-05-20,Influencer,251.35,9582,163
2026-05-20,Google Ads,253.09,11925,264
2026-05-21,Instagram Ads,418.64,20008,528
2026-05-21,Influencer,262.57,13962,264
2026-05-21,Google Ads,261.31,13771,366
2026-05-22,Instagram Ads,483.42,19909,651
2026-05-22,Influencer,300.6,15007,522
2026-05-22,Google Ads,296.37,13535,426
2026-05-23,Instagram Ads,737.67,31346,628
2026-05-23,Influencer,262.84,9940,318
2026-05-23,Google Ads,240.14,12601,387
2026-05-24,Instagram Ads,629.42,29699,474
2026-05-24,Influencer,418.39,18140,475
2026-05-24,Google Ads,162.6,8735,288
2026-05-25,Instagram Ads,584.8,27220,792
2026-05-25,Influencer,293.72,11583,329
2026-05-25,Google Ads,173.88,7664,190
2026-05-26,Instagram Ads,529.42,20491,452
2026-05-26,Influencer,308.67,13885,395
2026-05-26,Google Ads,292.05,11063,359
2026-05-27,Instagram Ads,496.19,23235,602
2026-05-27,Influencer,353.69,17496,396
2026-05-27,Google Ads,203.25,10580,205
2026-05-28,Instagram Ads,460.64,16266,312
2026-05-28,Influencer,345.8,15827,317
2026-05-28,Google Ads,169.49,8456,255
2026-05-29,Instagram Ads,740.26,39234,1315
2026-05-29,Influencer,403.19,19074,335
2026-05-29,Google Ads,244.73,8839,289
2026-05-30,Instagram Ads,563.78,27596,442
2026-05-30,Influencer,349.03,14319,296
2026-05-30,Google Ads,212.9,7454,181
2026-05-31,Instagram Ads,565.41,29549,708
2026-05-31,Influencer,314.0,17237,455
2026-05-31,Google Ads,224.25,10073,314
2026-06-01,Instagram Ads,551.69,23603,710
2026-06-01,Influencer,272.23,14238,336
2026-06-01,Google Ads,255.9,12833,260
2026-06-02,Instagram Ads,752.86,41094,1022
2026-06-02,Influencer,461.95,16178,532
2026-06-02,Google Ads,216.34,8919,174
2026-06-03,Instagram Ads,543.03,21324,706
2026-06-03,Influencer,453.63,16804,300
2026-06-03,Google Ads,297.0,12764,234
2026-06-04,Instagram Ads,613.91,26602,515
2026-06-04,Influencer,414.48,19739,335
2026-06-04,Google Ads,306.28,14140,282
2026-06-05,Instagram Ads,502.5,18953,445
2026-06-05,Influencer,285.96,12386,222
2026-06-05,Google Ads,266.96,13536,351
2026-06-06,Instagram Ads,675.9,36341,1009
2026-06-06,Influencer,336.17,14787,476
2026-06-06,Google Ads,189.94,7885,209
2026-06-07,Instagram Ads,674.56,33910,724
2026-06-07,Influencer,288.23,15592,257
2026-06-07,Google Ads,184.83,8298,260
2026-06-08,Instagram Ads,710.47,38190,681
2026-06-08,Influencer,338.71,13766,443
2026-06-08,Google Ads,242.3,8610,251
2026-06-09,Instagram Ads,569.26,25971,853
2026-06-09,Influencer,312.58,12442,252
2026-06-09,Google Ads,220.3,8183,236
2026-06-10,Instagram Ads,502.91,26917,519
2026-06-10,Influencer,312.34,12787,388
2026-06-10,Google Ads,233.4,11993,368
2026-06-11,Instagram Ads,767.19,38460,616
2026-06-11,Influencer,440.07,23658,825
2026-06-11,Google Ads,189.14,8939,169
2026-06-12,Instagram Ads,523.08,26107,902
2026-06-12,Influencer,386.83,20119,305
2026-06-12,Google Ads,176.16,8267,188
2026-06-13,Instagram Ads,752.65,30888,730
2026-06-13,Influencer,372.13,15056,499
2026-06-13,Google Ads,238.81,10384,332
2026-06-14,Instagram Ads,541.18,27789,484
2026-06-14,Influencer,296.34,16007,509
2026-06-14,Google Ads,227.59,10871,368
2026-06-15,Instagram Ads,504.54,18254,470
2026-06-15,Influencer,287.51,11139,365
2026-06-15,Google Ads,171.88,8823,223
2026-06-16,Instagram Ads,631.7,30596,722
2026-06-16,Influencer,281.59,10434,313
2026-06-16,Google Ads,203.16,7224,249
2026-06-17,Instagram Ads,785.82,33446,518
2026-06-17,Influencer,415.91,21469,375
2026-06-17,Google Ads,190.63,9806,327
2026-06-18,Instagram Ads,716.42,27951,649
2026-06-18,Influencer,388.14,14829,284
2026-06-18,Google Ads,212.21,9589,241
2026-06-19,Instagram Ads,725.03,36295,1207
2026-06-19,Influencer,439.11,17598,380
2026-06-19,Google Ads,244.06,8611,284
2026-06-20,Instagram Ads,443.23,18371,484
2026-06-20,Influencer,369.92,17789,454
2026-06-20,Google Ads,204.33,7973,264
2026-06-21,Instagram Ads,523.61,21268,494
2026-06-21,Influencer,286.82,12948,366
2026-06-21,Google Ads,285.87,14073,252
2026-06-22,Instagram Ads,593.92,21245,326
2026-06-22,Influencer,352.85,14134,405
2026-06-22,Google Ads,276.83,14646,442
2026-06-23,Instagram Ads,444.66,18868,386
2026-06-23,Influencer,340.99,13026,220
2026-06-23,Google Ads,247.07,12207,354
2026-06-24,Instagram Ads,592.05,26906,681
2026-06-24,Influencer,408.07,14673,428
2026-06-24,Google Ads,256.03,9975,159
2026-06-25,Instagram Ads,466.72,21232,640
2026-06-25,Influencer,329.69,14039,472
2026-06-25,Google Ads,201.99,7488,163
2026-06-26,Instagram Ads,700.01,33265,775
2026-06-26,Influencer,468.06,23262,377
2026-06-26,Google Ads,279.81,9927,278
2026-06-27,Instagram Ads,504.04,24662,522
2026-06-27,Influencer,447.91,18694,512
2026-06-27,Google Ads,212.66,11344,347
2026-06-28,Instagram Ads,516.05,27854,616
2026-06-28,Influencer,399.35,19910,307
2026-06-28,Google Ads,311.19,13035,245
2026-06-29,Instagram Ads,738.36,36222,606
2026-06-29,Influencer,281.9,13898,229
2026-06-29,Google Ads,305.07,15201,330
2026-06-30,Instagram Ads,559.84,25265,561
2026-06-30,Influencer,428.25,23337,622
2026-06-30,Google Ads,236.1,9315,261
2026-07-01,Instagram Ads,722.37,35182,546
2026-07-01,Influencer,483.39,20187,603
2026-07-01,Google Ads,300.53,14428,330
2026-07-02,Instagram Ads,692.27,24786,749
2026-07-02,Influencer,296.3,12721,217
2026-07-02,Google Ads,312.58,14380,414
2026-07-03,Instagram Ads,721.21,37381,659
2026-07-03,Influencer,427.38,19874,310
2026-07-03,Google Ads,213.42,8611,141
2026-07-04,Instagram Ads,593.34,21089,549
2026-07-04,Influencer,322.49,13138,436
2026-07-04,Google Ads,260.44,10516,283
2026-07-05,Instagram Ads,533.65,19471,300
2026-07-05,Influencer,495.66,24531,760
2026-07-05,Google Ads,335.02,17967,534
2026-07-06,Instagram Ads,725.65,30286,517
2026-07-06,Influencer,407.25,18947,645
2026-07-06,Google Ads,251.04,12254,324
2026-07-07,Instagram Ads,523.94,24542,633
2026-07-07,Influencer,388.57,17589,321
2026-07-07,Google Ads,254.3,11980,296
2026-07-08,Instagram Ads,645.59,23596,443
2026-07-08,Influencer,348.11,15103,405
2026-07-08,Google Ads,316.68,12091,185
2026-07-09,Instagram Ads,630.2,27503,716
2026-07-09,Influencer,467.97,23888,406
2026-07-09,Google Ads,327.7,12193,337
2026-07-10,Instagram Ads,717.24,34856,707
2026-07-10,Influencer,350.3,16104,305
2026-07-10,Google Ads,185.17,8562,208
2026-07-11,Instagram Ads,711.13,26976,858
2026-07-11,Influencer,307.22,16229,389
2026-07-11,Google Ads,267.77,14173,297
2026-07-12,Instagram Ads,525.91,23095,459
2026-07-12,Influencer,396.52,16061,518
2026-07-12,Google Ads,276.74,9687,301
2026-07-13,Instagram Ads,583.78,24170,547
2026-07-13,Influencer,420.48,18434,508
2026-07-13,Google Ads,204.9,11147,329
2026-07-14,Instagram Ads,552.58,27343,724
2026-07-14,Influencer,298.55,11513,182
2026-07-14,Google Ads,308.24,14189,302
2026-07-15,Instagram Ads,504.27,22531,574
2026-07-15,Influencer,437.26,23786,563
2026-07-15,Google Ads,245.34,10402,328
2026-07-16,Instagram Ads,515.96,21606,637
2026-07-16,Influencer,276.67,11284,314
2026-07-16,Google Ads,211.01,8662,214
2026-07-17,Instagram Ads,619.59,22999,776
2026-07-17,Influencer,283.36,14166,232
2026-07-17,Google Ads,254.9,9815,174
2026-07-18,Instagram Ads,504.1,22208,562
2026-07-18,Influencer,304.21,16606,334
2026-07-18,Google Ads,253.58,9972,248
2026-07-19,Instagram Ads,749.85,34059,705
2026-07-19,Influencer,331.12,16615,288
2026-07-19,Google Ads,239.71,9116,183
2026-07-20,Instagram Ads,514.55,27135,804
2026-07-20,Influencer,404.26,15963,402
2026-07-20,Google Ads,263.25,12322,199
2026-07-21,Instagram Ads,834.43,36972,1239
2026-07-21,Influencer,275.3,10998,187
2026-07-21,Google Ads,302.06,12506,397
2026-07-22,Instagram Ads,779.63,37699,1067
2026-07-22,Influencer,436.84,21175,481
2026-07-22,Google Ads,288.52,15276,330
2026-07-23,Instagram Ads,823.51,29046,638
2026-07-23,Influencer,303.91,11406,357
2026-07-23,Google Ads,325.27,16444,567
2026-07-24,Instagram Ads,539.37,20396,518
2026-07-24,Influencer,466.99,16716,583
2026-07-24,Google Ads,275.95,15061,335
2026-07-25,Instagram Ads,633.63,31711,978
2026-07-25,Influencer,327.53,17554,567
2026-07-25,Google Ads,184.84,6944,173
2026-07-26,Instagram Ads,634.77,31210,524
2026-07-26,Influencer,423.9,20062,394
2026-07-26,Google Ads,266.61,10516,188
2026-07-27,Instagram Ads,678.52,37012,730
2026-07-27,Influencer,356.15,14292,290
2026-07-27,Google Ads,245.05,12016,189
2026-07-28,Instagram Ads,828.28,29756,970
2026-07-28,Influencer,482.28,21938,389
2026-07-28,Google Ads,270.16,12852,413
2026-07-29,Instagram Ads,669.85,28947,919
2026-07-29,Influencer,502.54,24072,782
2026-07-29,Google Ads,275.4,13438,386
2026-07-30,Instagram Ads,729.87,30231,801
2026-07-30,Influencer,412.03,17017,374
2026-07-30,Google Ads,300.91,14038,252
2026-07-31,Instagram Ads,781.68,41165,1001
2026-07-31,Influencer,321.88,17366,566
2026-07-31,Google Ads,220.12,8125,193
2026-08-01,Instagram Ads,763.03,29382,742
2026-08-01,Influencer,395.47,20885,492
2026-08-01,Google Ads,281.59,15235,319
2026-08-02,Instagram Ads,602.64,30729,631
2026-08-02,Influencer,496.44,18323,315
2026-08-02,Google Ads,342.46,15690,460
2026-08-03,Instagram Ads,576.27,22085,700
2026-08-03,Influencer,378.88,16708,259
2026-08-03,Google Ads,257.1,12960,407
2026-08-04,Instagram Ads,772.28,37720,947
2026-08-04,Influencer,423.52,21113,421
2026-08-04,Google Ads,231.54,12502,194
2026-08-05,Instagram Ads,540.74,25093,746
2026-08-05,Influencer,423.41,17826,616
2026-08-05,Google Ads,309.76,15992,252
2026-08-06,Instagram Ads,580.67,24668,460
2026-08-06,Influencer,307.91,12163,312
2026-08-06,Google Ads,308.42,15569,246
2026-08-07,Instagram Ads,660.19,24720,583
2026-08-07,Influencer,397.6,17877,587
2026-08-07,Google Ads,326.52,15586,509
2026-08-08,Instagram Ads,763.89,39246,1031
2026-08-08,Influencer,420.26,20795,320
2026-08-08,Google Ads,307.53,16511,483
2026-08-09,Instagram Ads,498.23,21203,661
2026-08-09,Influencer,527.92,22385,712
2026-08-09,Google Ads,336.25,12597,402
2026-08-10,Instagram Ads,617.24,28926,745
2026-08-10,Influencer,454.5,22638,539
2026-08-10,Google Ads,340.3,17419,534
2026-08-11,Instagram Ads,672.71,24050,597
2026-08-11,Influencer,512.97,19907,689
2026-08-11,Google Ads,326.95,16084,459
2026-08-12,Instagram Ads,726.03,35875,840
2026-08-12,Influencer,499.77,24452,743
2026-08-12,Google Ads,324.44,11952,192
2026-08-13,Instagram Ads,814.61,32737,872
2026-08-13,Influencer,400.02,14177,224
2026-08-13,Google Ads,330.17,15568,396
2026-08-14,Instagram Ads,873.96,33614,677
2026-08-14,Influencer,477.77,24129,557
2026-08-14,Google Ads,350.68,18854,287
2026-08-15,Instagram Ads,554.34,28495,618
2026-08-15,Influencer,313.51,15894,382
2026-08-15,Google Ads,274.74,10639,300
2026-08-16,Instagram Ads,711.21,27832,606
2026-08-16,Influencer,438.06,23435,782
2026-08-16,Google Ads,240.88,11974,365
2026-08-17,Instagram Ads,817.85,37960,577
2026-08-17,Influencer,479.0,17786,308
2026-08-17,Google Ads,293.49,16045,318
2026-08-18,Instagram Ads,750.37,30820,1016
2026-08-18,Influencer,437.23,17117,346
2026-08-18,Google Ads,264.82,9915,164
2026-08-19,Instagram Ads,764.55,32985,973
2026-08-19,Influencer,317.14,14968,357
2026-08-19,Google Ads,202.8,9307,155
2026-08-20,Instagram Ads,825.68,39334,1028
2026-08-20,Influencer,322.95,13159,327
2026-08-20,Google Ads,298.07,11524,174
2026-08-21,Instagram Ads,625.73,27943,522
2026-08-21,Influencer,412.05,17211,414
2026-08-21,Google Ads,250.74,11927,189
2026-08-22,Instagram Ads,553.75,24173,534
2026-08-22,Influencer,387.08,19770,647
2026-08-22,Google Ads,234.38,12123,293
2026-08-23,Instagram Ads,596.36,32626,1027
2026-08-23,Influencer,536.77,20592,368
2026-08-23,Google Ads,276.56,13212,243
2026-08-24,Instagram Ads,839.22,38302,889
2026-08-24,Influencer,439.35,20956,332
2026-08-24,Google Ads,358.78,15168,246
2026-08-25,Instagram Ads,835.86,45855,1436
2026-08-25,Influencer,501.41,23826,796
2026-08-25,Google Ads,199.12,10022,284
2026-08-26,Instagram Ads,503.53,23101,584
2026-08-26,Influencer,461.58,16871,524
2026-08-26,Google Ads,216.29,9381,306
2026-08-27,Instagram Ads,715.06,30455,486
2026-08-27,Influencer,456.79,25000,830
2026-08-27,Google Ads,311.98,11576,229
2026-08-28,Instagram Ads,560.36,23596,465
2026-08-28,Influencer,350.52,16591,354
2026-08-28,Google Ads,305.34,16475,457
2026-08-29,Instagram Ads,794.19,39734,858
2026-08-29,Influencer,293.52,10596,218
2026-08-29,Google Ads,307.39,16332,558
2026-08-30,Instagram Ads,493.7,27055,580
2026-08-30,Influencer,499.19,19271,313
2026-08-30,Google Ads,255.86,13350,259
2026-08-31,Instagram Ads,546.74,29084,982
2026-08-31,Influencer,292.92,14513,307
2026-08-31,Google Ads,255.25,11328,266
