order_item_id,order_id,product_id,quantity,unit_price,line_total
1,1,3,1,1299.0,1299.0
2,1,1,1,999.0,999.0
3,2,5,2,1099.0,2198.0
4,2,4,1,1199.0,1199.0
5,3,7,1,1499.0,1499.0
6,3,3,1,1299.0,1299.0
7,3,1,1,999.0,999.0
8,4,3,1,1299.0,1299.0
9,5,6,1,1599.0,1599.0
10,6,11,1,2299.0,2299.0
11,6,8,1,699.0,699.0
12,7,8,1,699.0,699.0
13,8,4,2,1199.0,2398.0
14,8,12,1,3499.0,3499.0
15,9,8,1,699.0,699.0
16,9,7,1,1499.0,1499.0
17,10,6,1,1599.0,1599.0
18,11,6,1,1599.0,1599.0
19,12,11,2,2299.0,4598.0
20,13,2,2,999.0,1998.0
21,14,4,1,1199.0,1199.0
22,15,11,1,2299.0,2299.0
23,16,3,2,1299.0,2598.0
24,17,3,1,1299.0,1299.0
25,17,2,2,999.0,1998.0
26,18,4,1,1199.0,1199.0
27,18,3,1,1299.0,1299.0
28,19,3,1,1299.0,1299.0
29,19,4,1,1199.0,1199.0
30,20,3,1,1299.0,1299.0
31,20,12,1,3499.0,3499.0
32,21,5,1,1099.0,1099.0
33,22,8,1,699.0,699.0
34,23,1,2,999.0,1998.0
35,24,4,1,1199.0,1199.0
36,25,7,1,1499.0,1499.0
37,25,4,1,1199.0,1199.0
38,25,8,2,699.0,1398.0
39,26,1,2,999.0,1998.0
40,27,8,1,699.0,699.0
41,28,10,1,2199.0,2199.0
42,28,11,1,2299.0,2299.0
43,29,2,1,999.0,999.0
44,29,11,1,2299.0,2299.0
45,30,9,1,999.0,999.0
46,30,10,1,2199.0,2199.0
47,31,3,1,1299.0,1299.0
48,32,12,1,3499.0,3499.0
49,32,1,1,999.0,999.0
50,32,4,1,1199.0,1199.0
51,33,10,1,2199.0,2199.0
52,34,7,1,1499.0,1499.0
53,35,12,1,3499.0,3499.0
54,35,6,2,1599.0,3198.0
55,36,6,1,1599.0,1599.0
56,37,8,1,699.0,699.0
57,37,9,1,999.0,999.0
58,38,2,1,999.0,999.0
59,38,11,1,2299.0,2299.0
60,38,6,2,1599.0,3198.0
61,39,2,1,999.0,999.0
62,39,9,2,999.0,1998.0
63,40,4,1,1199.0,1199.0
64,41,3,1,1299.0,1299.0
65,42,8,1,699.0,699.0
66,43,2,1,999.0,999.0
67,43,7,1,1499.0,1499.0
68,44,7,1,1499.0,1499.0
69,45,2,1,999.0,999.0
70,46,1,1,999.0,999.0
71,46,12,1,3499.0,3499.0
72,46,6,1,1599.0,1599.0
73,47,9,1,999.0,999.0
74,48,3,1,1299.0,1299.0
75,48,8,1,699.0,699.0
76,49,2,1,999.0,999.0
77,49,1,1,999.0,999.0
78,49,9,1,999.0,999.0
79,50,9,2,999.0,1998.0
80,51,1,1,999.0,999.0
81,51,12,1,3499.0,3499.0
82,52,7,1,1499.0,1499.0
83,53,2,1,999.0,999.0
84,54,7,2,1499.0,2998.0
85,55,8,1,699.0,699.0
86,56,11,1,2299.0,2299.0
87,56,6,1,1599.0,1599.0
88,56,7,1,1499.0,1499.0
89,57,5,1,1099.0,1099.0
90,57,6,1,1599.0,1599.0
91,57,11,2,2299.0,4598.0
92,58,8,1,699.0,699.0
93,59,10,1,2199.0,2199.0
94,60,2,1,999.0,999.0
95,61,4,1,1199.0,1199.0
96,61,7,1,1499.0,1499.0
97,62,12,1,3499.0,3499.0
98,62,1,1,999.0,999.0
99,63,8,1,699.0,699.0
100,63,3,1,1299.0,1299.0
101,63,10,1,2199.0,2199.0
102,64,2,1,999.0,999.0
103,65,3,1,1299.0,1299.0
104,66,7,1,1499.0,1499.0
105,67,7,1,1499.0,1499.0
106,68,1,1,999.0,999.0
107,69,4,1,1199.0,1199.0
108,70,11,1,2299.0,2299.0
109,71,10,1,2199.0,2199.0
110,71,2,1,999.0,999.0
111,72,3,1,1299.0,1299.0
112,72,10,1,2199.0,2199.0
113,73,8,1,699.0,699.0
114,74,1,1,999.0,999.0
115,75,5,1,1099.0,1099.0
116,76,1,2,999.0,1998.0
117,77,1,1,999.0,999.0
118,77,4,1,1199.0,1199.0
119,78,3,1,1299.0,1299.0
120,79,5,1,1099.0,1099.0
121,79,4,1,1199.0,1199.0
122,80,8,1,699.0,699.0
123,81,8,1,699.0,699.0
124,82,1,1,999.0,999.0
125,82,3,1,1299.0,1299.0
126,83,9,1,999.0,999.0
127,84,2,1,999.0,999.0
128,84,1,1,999.0,999.0
129,85,3,1,1299.0,1299.0
130,86,10,1,2199.0,2199.0
131,86,9,1,999.0,999.0
132,87,2,1,999.0,999.0
133,88,8,2,699.0,1398.0
134,88,9,2,999.0,1998.0
135,89,1,1,999.0,999.0
136,90,10,1,2199.0,2199.0
137,90,2,1,999.0,999.0
138,91,10,1,2199.0,2199.0
139,91,3,1,1299.0,1299.0
140,92,7,1,1499.0,1499.0
141,93,7,1,1499.0,1499.0
142,94,9,1,999.0,999.0
143,94,5,1,1099.0,1099.0
144,95,3,1,1299.0,1299.0
145,95,4,1,1199.0,1199.0
146,95,7,1,1499.0,1499.0
147,96,4,1,1199.0,1199.0
148,97,2,2,999.0,1998.0
149,98,9,1,999.0,999.0
150,99,2,1,999.0,999.0
151,100,8,1,699.0,699.0
152,101,9,1,999.0,999.0
153,102,11,1,2299.0,2299.0
154,102,9,1,999.0,999.0
155,103,12,1,3499.0,3499.0
156,104,5,1,1099.0,1099.0
157,104,10,1,2199.0,2199.0
158,105,1,1,999.0,999.0
159,106,7,1,1499.0,1499.0
160,107,12,1,3499.0,3499.0
161,108,7,1,1499.0,1499.0
162,109,7,1,1499.0,1499.0
163,110,2,1,999.0,999.0
164,111,8,1,699.0,699.0
165,112,7,1,1499.0,1499.0
166,113,1,1,999.0,999.0
167,113,4,1,1199.0,1199.0
168,114,10,1,2199.0,2199.0
169,115,8,1,699.0,699.0
170,115,7,1,1499.0,1499.0
171,115,9,1,999.0,999.0
172,116,11,1,2299.0,2299.0
173,116,2,1,999.0,999.0
174,117,10,1,2199.0,2199.0
175,118,12,2,3499.0,6998.0
176,119,11,2,2299.0,4598.0
177,120,8,2,699.0,1398.0
178,120,10,2,2199.0,4398.0
179,120,1,1,999.0,999.0
180,121,2,1,999.0,999.0
181,122,4,1,1199.0,1199.0
182,123,3,1,1299.0,1299.0
183,124,4,1,1199.0,1199.0
184,124,8,1,699.0,699.0
185,125,8,1,699.0,699.0
186,126,3,1,1299.0,1299.0
187,127,12,1,3499.0,3499.0
188,127,10,1,2199.0,2199.0
189,128,8,1,699.0,699.0
190,128,7,1,1499.0,1499.0
191,129,1,1,999.0,999.0
192,130,5,1,1099.0,1099.0
193,131,8,1,699.0,699.0
194,131,7,2,1499.0,2998.0
195,132,1,1,999.0,999.0
196,133,10,2,2199.0,4398.0
197,134,1,1,999.0,999.0
198,134,2,1,999.0,999.0
199,134,10,1,2199.0,2199.0
200,135,8,1,699.0,699.0
201,135,9,1,999.0,999.0
202,136,1,1,999.0,999.0
203,137,1,1,999.0,999.0
204,138,7,1,1499.0,1499.0
205,139,10,1,2199.0,2199.0
206,139,3,1,1299.0,1299.0
207,140,10,1,2199.0,2199.0
208,141,9,1,999.0,999.0
209,141,12,1,3499.0,3499.0
210,142,10,1,2199.0,2199.0
211,143,7,1,1499.0,1499.0
212,144,2,1,999.0,999.0
213,144,3,1,1299.0,1299.0
214,144,9,1,999.0,999.0
215,145,4,2,1199.0,2398.0
216,146,8,1,699.0,699.0
217,147,8,1,699.0,699.0
218,148,1,2,999.0,1998.0
219,149,3,2,1299.0,2598.0
220,150,9,1,999.0,999.0
221,151,12,1,3499.0,3499.0
222,151,10,1,2199.0,2199.0
223,152,11,1,2299.0,2299.0
224,152,1,1,999.0,999.0
225,153,10,2,2199.0,4398.0
226,154,8,1,699.0,699.0
227,154,4,1,1199.0,1199.0
228,155,12,1,3499.0,3499.0
229,155,1,1,999.0,999.0
230,156,9,1,999.0,999.0
231,156,10,1,2199.0,2199.0
232,157,10,1,2199.0,2199.0
233,158,8,1,699.0,699.0
234,158,7,1,1499.0,1499.0
235,158,5,1,1099.0,1099.0
236,159,3,1,1299.0,1299.0
237,160,6,1,1599.0,1599.0
238,160,1,1,999.0,999.0
239,161,6,1,1599.0,1599.0
240,162,6,1,1599.0,1599.0
241,163,3,1,1299.0,1299.0
242,164,7,2,1499.0,2998.0
243,165,4,1,1199.0,1199.0
244,165,1,1,999.0,999.0
245,165,7,1,1499.0,1499.0
246,166,7,1,1499.0,1499.0
247,166,3,2,1299.0,2598.0
248,167,11,1,2299.0,2299.0
249,168,8,1,699.0,699.0
250,168,4,1,1199.0,1199.0
251,168,7,2,1499.0,2998.0
252,169,7,1,1499.0,1499.0
253,169,5,1,1099.0,1099.0
254,170,3,1,1299.0,1299.0
255,171,7,1,1499.0,1499.0
256,172,4,1,1199.0,1199.0
257,172,1,1,999.0,999.0
258,173,12,1,3499.0,3499.0
259,174,10,2,2199.0,4398.0
260,175,9,1,999.0,999.0
261,176,12,1,3499.0,3499.0
262,177,1,1,999.0,999.0
263,178,5,2,1099.0,2198.0
264,178,1,2,999.0,1998.0
265,179,7,1,1499.0,1499.0
266,180,12,1,3499.0,3499.0
267,181,9,1,999.0,999.0
268,182,12,1,3499.0,3499.0
269,183,10,1,2199.0,2199.0
270,183,11,1,2299.0,2299.0
271,183,7,1,1499.0,1499.0
272,184,1,1,999.0,999.0
273,185,2,1,999.0,999.0
274,186,5,1,1099.0,1099.0
275,187,7,1,1499.0,1499.0
276,187,6,1,1599.0,1599.0
277,188,6,1,1599.0,1599.0
278,189,1,2,999.0,1998.0
279,189,7,1,1499.0,1499.0
280,190,3,2,1299.0,2598.0
281,191,1,2,999.0,1998.0
282,191,6,1,1599.0,1599.0
283,191,4,1,1199.0,1199.0
284,192,8,1,699.0,699.0
285,192,10,1,2199.0,2199.0
286,193,3,1,1299.0,1299.0
287,193,4,1,1199.0,1199.0
288,194,9,1,999.0,999.0
289,195,6,1,1599.0,1599.0
290,195,12,1,3499.0,3499.0
291,196,8,1,699.0,699.0
292,197,2,1,999.0,999.0
293,198,12,1,3499.0,3499.0
294,199,11,1,2299.0,2299.0
295,200,2,1,999.0,999.0
296,201,7,1,1499.0,1499.0
297,201,2,1,999.0,999.0
298,202,12,1,3499.0,3499.0
299,202,9,1,999.0,999.0
300,202,6,1,1599.0,1599.0
301,203,12,1,3499.0,3499.0
302,204,10,1,2199.0,2199.0
303,204,4,1,1199.0,1199.0
304,205,1,1,999.0,999.0
305,205,3,2,1299.0,2598.0
306,206,4,1,1199.0,1199.0
307,207,8,1,699.0,699.0
308,208,9,1,999.0,999.0
309,209,3,2,1299.0,2598.0
310,210,11,1,2299.0,2299.0
311,211,2,1,999.0,999.0
312,211,1,2,999.0,1998.0
313,212,11,1,2299.0,2299.0
314,213,10,1,2199.0,2199.0
315,214,9,2,999.0,1998.0
316,214,5,1,1099.0,1099.0
317,215,9,2,999.0,1998.0
318,215,6,1,1599.0,1599.0
319,216,2,1,999.0,999.0
320,217,12,2,3499.0,6998.0
321,217,2,1,999.0,999.0
322,218,2,1,999.0,999.0
323,218,3,1,1299.0,1299.0
324,219,8,1,699.0,699.0
325,220,12,2,3499.0,6998.0
326,221,4,1,1199.0,1199.0
327,222,5,1,1099.0,1099.0
328,223,8,1,699.0,699.0
329,224,2,1,999.0,999.0
330,224,7,1,1499.0,1499.0
331,225,9,1,999.0,999.0
332,226,6,2,1599.0,3198.0
333,226,5,1,1099.0,1099.0
334,227,4,1,1199.0,1199.0
335,228,2,1,999.0,999.0
336,229,11,1,2299.0,2299.0
337,229,10,1,2199.0,2199.0
338,230,1,1,999.0,999.0
339,231,8,1,699.0,699.0
340,232,5,1,1099.0,1099.0
341,232,7,1,1499.0,1499.0
342,232,3,2,1299.0,2598.0
343,233,4,1,1199.0,1199.0
344,234,9,1,999.0,999.0
345,235,2,2,999.0,1998.0
346,236,7,1,1499.0,1499.0
347,236,12,1,3499.0,3499.0
348,237,12,1,3499.0,3499.0
349,238,7,1,1499.0,1499.0
350,238,10,1,2199.0,2199.0
351,239,6,1,1599.0,1599.0
352,239,3,1,1299.0,1299.0
353,240,2,1,999.0,999.0
354,241,11,1,2299.0,2299.0
355,242,2,1,999.0,999.0
356,243,10,1,2199.0,2199.0
357,244,7,1,1499.0,1499.0
358,245,5,1,1099.0,1099.0
359,246,8,1,699.0,699.0
360,247,1,1,999.0,999.0
361,247,5,1,1099.0,1099.0
362,248,9,1,999.0,999.0
363,248,1,1,999.0,999.0
364,249,7,1,1499.0,1499.0
365,250,1,1,999.0,999.0
366,251,3,1,1299.0,1299.0
367,251,2,1,999.0,999.0
368,252,10,1,2199.0,2199.0
369,252,12,1,3499.0,3499.0
370,253,4,1,1199.0,1199.0
371,254,9,1,999.0,999.0
372,255,3,1,1299.0,1299.0
373,256,2,1,999.0,999.0
374,256,1,1,999.0,999.0
375,256,4,1,1199.0,1199.0
376,257,1,1,999.0,999.0
377,257,12,1,3499.0,3499.0
378,258,2,2,999.0,1998.0
379,259,10,1,2199.0,2199.0
380,259,11,1,2299.0,2299.0
381,260,3,1,1299.0,1299.0
382,261,6,1,1599.0,1599.0
383,262,7,1,1499.0,1499.0
384,262,3,2,1299.0,2598.0
385,262,10,2,2199.0,4398.0
386,263,3,1,1299.0,1299.0
387,264,3,1,1299.0,1299.0
388,265,12,1,3499.0,3499.0
389,265,4,1,1199.0,1199.0
390,266,10,2,2199.0,4398.0
391,267,11,1,2299.0,2299.0
392,268,3,1,1299.0,1299.0
393,269,1,1,999.0,999.0
394,270,9,1,999.0,999.0
395,271,12,2,3499.0,6998.0
396,272,8,1,699.0,699.0
397,273,9,2,999.0,1998.0
398,274,2,1,999.0,999.0
399,274,6,1,1599.0,1599.0
400,275,1,1,999.0,999.0
401,276,1,1,999.0,999.0
402,276,7,1,1499.0,1499.0
403,277,10,1,2199.0,2199.0
404,277,9,1,999.0,999.0
405,278,3,1,1299.0,1299.0
406,279,10,1,2199.0,2199.0
407,280,1,1,999.0,999.0
408,281,11,1,2299.0,2299.0
409,282,3,1,1299.0,1299.0
410,283,2,1,999.0,999.0
411,284,5,1,1099.0,1099.0
412,285,10,1,2199.0,2199.0
413,286,1,1,999.0,999.0
414,287,4,2,1199.0,2398.0
415,287,10,1,2199.0,2199.0
416,287,3,1,1299.0,1299.0
417,288,7,1,1499.0,1499.0
418,289,1,1,999.0,999.0
419,290,10,1,2199.0,2199.0
420,291,6,1,1599.0,1599.0
421,292,1,1,999.0,999.0
422,292,2,1,999.0,999.0
423,293,2,1,999.0,999.0
424,293,4,1,1199.0,1199.0
425,294,2,1,999.0,999.0
426,295,8,1,699.0,699.0
427,296,2,1,999.0,999.0
428,296,12,1,3499.0,3499.0
429,297,10,1,2199.0,2199.0
430,297,7,1,1499.0,1499.0
431,298,7,1,1499.0,1499.0
432,298,5,1,1099.0,1099.0
433,299,9,1,999.0,999.0
434,300,8,1,699.0,699.0
435,300,9,1,999.0,999.0
436,301,4,2,1199.0,2398.0
437,302,3,1,1299.0,1299.0
438,302,1,1,999.0,999.0
439,302,4,1,1199.0,1199.0
440,303,6,1,1599.0,1599.0
441,304,12,1,3499.0,3499.0
442,304,7,1,1499.0,1499.0
443,305,12,1,3499.0,3499.0
444,305,4,1,1199.0,1199.0
445,306,7,1,1499.0,1499.0
446,307,6,1,1599.0,1599.0
447,308,5,2,1099.0,2198.0
448,308,1,1,999.0,999.0
449,308,4,1,1199.0,1199.0
450,309,11,2,2299.0,4598.0
451,310,4,1,1199.0,1199.0
452,310,9,1,999.0,999.0
453,311,1,1,999.0,999.0
454,312,2,1,999.0,999.0
455,313,1,1,999.0,999.0
456,314,7,1,1499.0,1499.0
457,314,11,1,2299.0,2299.0
458,315,3,1,1299.0,1299.0
459,316,10,1,2199.0,2199.0
460,316,7,2,1499.0,2998.0
461,317,6,1,1599.0,1599.0
462,317,2,1,999.0,999.0
463,318,2,1,999.0,999.0
464,318,6,1,1599.0,1599.0
465,319,6,1,1599.0,1599.0
466,319,5,1,1099.0,1099.0
467,319,3,1,1299.0,1299.0
468,320,7,1,1499.0,1499.0
469,321,1,2,999.0,1998.0
470,321,12,1,3499.0,3499.0
471,321,7,1,1499.0,1499.0
472,322,10,1,2199.0,2199.0
473,322,3,2,1299.0,2598.0
474,323,9,1,999.0,999.0
475,324,8,1,699.0,699.0
476,325,4,1,1199.0,1199.0
477,326,3,1,1299.0,1299.0
478,326,5,1,1099.0,1099.0
479,327,7,1,1499.0,1499.0
480,328,1,1,999.0,999.0
481,329,7,1,1499.0,1499.0
482,330,7,1,1499.0,1499.0
483,331,1,1,999.0,999.0
484,331,8,1,699.0,699.0
485,332,1,1,999.0,999.0
486,333,6,1,1599.0,1599.0
487,334,12,1,3499.0,3499.0
488,334,4,1,1199.0,1199.0
489,335,4,1,1199.0,1199.0
490,336,1,1,999.0,999.0
491,337,2,2,999.0,1998.0
492,337,9,1,999.0,999.0
493,338,8,1,699.0,699.0
494,339,11,1,2299.0,2299.0
495,340,7,1,1499.0,1499.0
496,341,9,1,999.0,999.0
497,341,1,2,999.0,1998.0
498,342,1,1,999.0,999.0
499,343,1,2,999.0,1998.0
500,344,5,1,1099.0,1099.0
501,345,5,2,1099.0,2198.0
502,346,6,1,1599.0,1599.0
503,347,8,1,699.0,699.0
504,348,12,1,3499.0,3499.0
505,349,1,2,999.0,1998.0
506,349,11,2,2299.0,4598.0
507,349,2,1,999.0,999.0
508,350,9,1,999.0,999.0
509,350,7,1,1499.0,1499.0
510,351,11,1,2299.0,2299.0
511,352,12,1,3499.0,3499.0
512,352,11,2,2299.0,4598.0
513,353,3,1,1299.0,1299.0
514,354,3,2,1299.0,2598.0
515,355,12,1,3499.0,3499.0
516,356,3,1,1299.0,1299.0
517,357,7,1,1499.0,1499.0
518,357,12,1,3499.0,3499.0
519,358,7,2,1499.0,2998.0
520,359,6,1,1599.0,1599.0
521,360,2,2,999.0,1998.0
522,361,3,1,1299.0,1299.0
523,362,9,1,999.0,999.0
524,363,10,1,2199.0,2199.0
525,363,4,1,1199.0,1199.0
526,364,4,1,1199.0,1199.0
527,365,8,1,699.0,699.0
528,365,6,1,1599.0,1599.0
529,366,4,2,1199.0,2398.0
530,366,3,1,1299.0,1299.0
531,367,5,2,1099.0,2198.0
532,368,2,1,999.0,999.0
533,368,1,1,999.0,999.0
534,369,1,1,999.0,999.0
535,369,10,1,2199.0,2199.0
536,370,2,1,999.0,999.0
537,371,1,1,999.0,999.0
538,371,7,1,1499.0,1499.0
539,372,2,2,999.0,1998.0
540,372,4,2,1199.0,2398.0
541,373,3,2,1299.0,2598.0
542,374,1,2,999.0,1998.0
543,375,4,1,1199.0,1199.0
544,375,11,2,2299.0,4598.0
545,376,9,1,999.0,999.0
546,377,4,1,1199.0,1199.0
547,377,12,1,3499.0,3499.0
548,377,10,1,2199.0,2199.0
549,378,8,1,699.0,699.0
550,378,4,1,1199.0,1199.0
551,378,12,1,3499.0,3499.0
552,379,11,1,2299.0,2299.0
553,379,1,1,999.0,999.0
554,379,3,1,1299.0,1299.0
555,380,1,1,999.0,999.0
556,381,8,1,699.0,699.0
557,382,3,2,1299.0,2598.0
558,382,6,1,1599.0,1599.0
559,383,11,1,2299.0,2299.0
560,383,12,1,3499.0,3499.0
561,384,8,1,699.0,699.0
562,384,7,1,1499.0,1499.0
563,385,2,2,999.0,1998.0
564,386,1,1,999.0,999.0
565,387,10,2,2199.0,4398.0
566,388,3,1,1299.0,1299.0
567,388,5,2,1099.0,2198.0
568,389,1,1,999.0,999.0
569,390,7,2,1499.0,2998.0
570,391,3,1,1299.0,1299.0
571,391,7,2,1499.0,2998.0
572,391,5,2,1099.0,2198.0
573,392,4,1,1199.0,1199.0
574,393,2,1,999.0,999.0
575,393,3,1,1299.0,1299.0
576,394,2,2,999.0,1998.0
577,394,12,1,3499.0,3499.0
578,395,1,1,999.0,999.0
579,396,10,1,2199.0,2199.0
580,396,4,1,1199.0,1199.0
581,397,4,2,1199.0,2398.0
582,397,3,1,1299.0,1299.0
583,398,4,2,1199.0,2398.0
584,399,10,1,2199.0,2199.0
585,399,4,1,1199.0,1199.0
586,400,11,1,2299.0,2299.0
587,400,10,1,2199.0,2199.0
588,400,1,1,999.0,999.0
589,401,7,1,1499.0,1499.0
590,402,5,1,1099.0,1099.0
591,403,3,1,1299.0,1299.0
592,403,10,1,2199.0,2199.0
593,404,3,1,1299.0,1299.0
594,404,11,1,2299.0,2299.0
595,405,7,1,1499.0,1499.0
596,405,10,1,2199.0,2199.0
597,405,9,1,999.0,999.0
598,406,12,1,3499.0,3499.0
599,406,1,1,999.0,999.0
600,406,10,1,2199.0,2199.0
601,407,1,1,999.0,999.0
602,408,8,1,699.0,699.0
603,408,9,1,999.0,999.0
604,409,8,1,699.0,699.0
605,410,1,1,999.0,999.0
606,410,10,1,2199.0,2199.0
607,411,4,2,1199.0,2398.0
608,412,12,1,3499.0,3499.0
609,412,5,1,1099.0,1099.0
610,412,3,1,1299.0,1299.0
611,413,1,1,999.0,999.0
612,414,12,1,3499.0,3499.0
613,415,6,1,1599.0,1599.0
614,416,2,2,999.0,1998.0
615,416,1,1,999.0,999.0
616,416,12,1,3499.0,3499.0
617,417,12,1,3499.0,3499.0
618,418,8,1,699.0,699.0
619,419,8,1,699.0,699.0
620,420,12,1,3499.0,3499.0
621,420,8,1,699.0,699.0
622,421,5,2,1099.0,2198.0
623,422,5,1,1099.0,1099.0
624,423,1,1,999.0,999.0
625,424,1,1,999.0,999.0
626,425,1,1,999.0,999.0
627,426,9,1,999.0,999.0
628,427,10,1,2199.0,2199.0
629,427,9,2,999.0,1998.0
630,428,2,1,999.0,999.0
631,428,9,1,999.0,999.0
632,428,8,1,699.0,699.0
633,429,2,1,999.0,999.0
634,429,10,1,2199.0,2199.0
635,430,9,1,999.0,999.0
636,430,6,1,1599.0,1599.0
637,430,5,2,1099.0,2198.0
638,431,8,2,699.0,1398.0
639,431,7,1,1499.0,1499.0
640,432,1,2,999.0,1998.0
641,433,1,2,999.0,1998.0
642,433,8,1,699.0,699.0
643,434,10,1,2199.0,2199.0
644,435,4,2,1199.0,2398.0
645,436,10,1,2199.0,2199.0
646,436,8,1,699.0,699.0
647,437,1,1,999.0,999.0
648,438,4,2,1199.0,2398.0
649,439,7,2,1499.0,2998.0
650,440,2,1,999.0,999.0
651,441,7,1,1499.0,1499.0
652,441,4,1,1199.0,1199.0
653,441,10,1,2199.0,2199.0
654,442,10,1,2199.0,2199.0
655,442,1,1,999.0,999.0
656,442,3,1,1299.0,1299.0
657,443,9,1,999.0,999.0
658,444,9,1,999.0,999.0
659,445,12,1,3499.0,3499.0
660,445,4,1,1199.0,1199.0
661,445,11,1,2299.0,2299.0
662,446,9,1,999.0,999.0
663,447,1,1,999.0,999.0
664,447,10,1,2199.0,2199.0
665,448,1,1,999.0,999.0
666,449,11,1,2299.0,2299.0
667,450,6,1,1599.0,1599.0
668,450,7,1,1499.0,1499.0
669,451,1,1,999.0,999.0
670,452,11,1,2299.0,2299.0
671,453,2,1,999.0,999.0
672,453,12,1,3499.0,3499.0
673,454,10,2,2199.0,4398.0
674,454,4,1,1199.0,1199.0
675,454,7,1,1499.0,1499.0
676,455,6,1,1599.0,1599.0
677,455,4,1,1199.0,1199.0
678,456,5,1,1099.0,1099.0
679,456,6,1,1599.0,1599.0
680,457,11,1,2299.0,2299.0
681,458,2,2,999.0,1998.0
682,458,7,1,1499.0,1499.0
683,459,1,1,999.0,999.0
684,460,4,1,1199.0,1199.0
685,460,6,1,1599.0,1599.0
686,461,4,1,1199.0,1199.0
687,462,1,1,999.0,999.0
688,463,4,1,1199.0,1199.0
689,463,9,2,999.0,1998.0
690,464,8,1,699.0,699.0
691,465,6,1,1599.0,1599.0
692,465,9,2,999.0,1998.0
693,466,9,1,999.0,999.0
694,466,8,1,699.0,699.0
695,467,8,1,699.0,699.0
696,467,6,1,1599.0,1599.0
697,467,1,1,999.0,999.0
698,468,12,1,3499.0,3499.0
699,469,12,1,3499.0,3499.0
700,469,11,1,2299.0,2299.0
701,470,2,2,999.0,1998.0
702,471,1,1,999.0,999.0
703,472,12,1,3499.0,3499.0
704,473,9,1,999.0,999.0
705,473,8,1,699.0,699.0
706,474,12,1,3499.0,3499.0
707,475,10,1,2199.0,2199.0
708,475,1,1,999.0,999.0
709,475,8,1,699.0,699.0
710,476,2,1,999.0,999.0
711,477,4,2,1199.0,2398.0
712,478,2,1,999.0,999.0
713,479,6,1,1599.0,1599.0
714,480,1,1,999.0,999.0
715,480,8,1,699.0,699.0
716,481,6,2,1599.0,3198.0
717,481,8,1,699.0,699.0
718,481,11,1,2299.0,2299.0
719,482,1,1,999.0,999.0
720,482,9,1,999.0,999.0
721,482,11,2,2299.0,4598.0
722,483,2,1,999.0,999.0
723,483,1,1,999.0,999.0
724,484,4,1,1199.0,1199.0
725,485,4,1,1199.0,1199.0
726,486,10,2,2199.0,4398.0
727,486,1,1,999.0,999.0
728,487,4,1,1199.0,1199.0
729,488,11,1,2299.0,2299.0
730,488,1,1,999.0,999.0
731,489,1,1,999.0,999.0
732,489,4,1,1199.0,1199.0
733,490,4,1,1199.0,1199.0
734,490,3,1,1299.0,1299.0
735,491,4,1,1199.0,1199.0
736,491,1,1,999.0,999.0
737,492,5,2,1099.0,2198.0
738,492,2,1,999.0,999.0
739,493,10,2,2199.0,4398.0
740,493,9,1,999.0,999.0
741,494,7,1,1499.0,1499.0
742,495,8,1,699.0,699.0
743,495,2,1,999.0,999.0
744,496,12,1,3499.0,3499.0
745,497,12,1,3499.0,3499.0
746,498,9,1,999.0,999.0
747,499,8,1,699.0,699.0
748,500,4,1,1199.0,1199.0
749,501,2,1,999.0,999.0
750,502,6,1,1599.0,1599.0
751,502,5,1,1099.0,1099.0
752,503,2,1,999.0,999.0
753,504,1,2,999.0,1998.0
754,505,10,2,2199.0,4398.0
755,506,3,1,1299.0,1299.0
756,507,2,2,999.0,1998.0
757,508,12,1,3499.0,3499.0
758,509,1,1,999.0,999.0
759,510,9,1,999.0,999.0
760,511,9,1,999.0,999.0
761,512,4,1,1199.0,1199.0
762,513,1,1,999.0,999.0
763,514,8,1,699.0,699.0
764,515,4,1,1199.0,1199.0
765,515,8,2,699.0,1398.0
766,516,6,1,1599.0,1599.0
767,517,10,1,2199.0,2199.0
768,517,1,1,999.0,999.0
769,518,7,1,1499.0,1499.0
770,518,9,1,999.0,999.0
771,519,9,1,999.0,999.0
772,520,3,1,1299.0,1299.0
773,521,10,1,2199.0,2199.0
774,521,1,2,999.0,1998.0
775,521,9,1,999.0,999.0
776,522,2,1,999.0,999.0
777,522,6,2,1599.0,3198.0
778,523,9,1,999.0,999.0
779,523,2,1,999.0,999.0
780,524,4,1,1199.0,1199.0
781,524,8,1,699.0,699.0
782,525,1,2,999.0,1998.0
783,525,5,1,1099.0,1099.0
784,526,7,1,1499.0,1499.0
785,527,4,1,1199.0,1199.0
786,527,1,2,999.0,1998.0
787,527,6,1,1599.0,1599.0
788,528,9,2,999.0,1998.0
789,529,12,1,3499.0,3499.0
790,530,11,1,2299.0,2299.0
791,530,1,1,999.0,999.0
792,531,4,2,1199.0,2398.0
793,531,3,2,1299.0,2598.0
794,532,1,1,999.0,999.0
795,533,7,1,1499.0,1499.0
796,534,8,1,699.0,699.0
797,535,1,1,999.0,999.0
798,535,3,1,1299.0,1299.0
799,536,2,1,999.0,999.0
800,536,7,1,1499.0,1499.0
801,536,6,1,1599.0,1599.0
802,537,2,1,999.0,999.0
803,538,9,2,999.0,1998.0
804,539,12,1,3499.0,3499.0
805,539,2,1,999.0,999.0
806,539,11,1,2299.0,2299.0
807,540,3,1,1299.0,1299.0
808,541,7,2,1499.0,2998.0
809,541,3,1,1299.0,1299.0
810,542,1,1,999.0,999.0
811,543,1,1,999.0,999.0
812,544,2,1,999.0,999.0
813,545,2,1,999.0,999.0
814,546,9,1,999.0,999.0
815,546,2,1,999.0,999.0
816,547,12,1,3499.0,3499.0
817,548,6,1,1599.0,1599.0
818,548,4,1,1199.0,1199.0
819,549,5,1,1099.0,1099.0
820,549,12,1,3499.0,3499.0
821,550,10,1,2199.0,2199.0
822,551,1,1,999.0,999.0
823,551,7,1,1499.0,1499.0
824,551,11,1,2299.0,2299.0
825,552,1,1,999.0,999.0
826,553,1,1,999.0,999.0
827,554,7,1,1499.0,1499.0
828,555,4,1,1199.0,1199.0
829,556,4,1,1199.0,1199.0
830,556,1,1,999.0,999.0
831,557,1,1,999.0,999.0
832,557,12,1,3499.0,3499.0
833,558,11,1,2299.0,2299.0
834,559,11,1,2299.0,2299.0
835,560,12,1,3499.0,3499.0
836,561,2,1,999.0,999.0
837,562,8,1,699.0,699.0
838,562,5,1,1099.0,1099.0
839,563,9,1,999.0,999.0
840,564,6,1,1599.0,1599.0
841,565,1,1,999.0,999.0
842,566,6,1,1599.0,1599.0
843,567,5,1,1099.0,1099.0
844,568,1,1,999.0,999.0
845,569,2,1,999.0,999.0
846,569,3,1,1299.0,1299.0
847,570,11,1,2299.0,2299.0
848,571,2,1,999.0,999.0
849,572,4,1,1199.0,1199.0
850,573,11,1,2299.0,2299.0
851,573,2,1,999.0,999.0
852,574,5,1,1099.0,1099.0
853,574,4,1,1199.0,1199.0
854,575,10,1,2199.0,2199.0
855,575,3,1,1299.0,1299.0
856,576,4,1,1199.0,1199.0
857,577,1,1,999.0,999.0
858,577,5,1,1099.0,1099.0
859,578,10,1,2199.0,2199.0
860,579,10,1,2199.0,2199.0
861,580,5,1,1099.0,1099.0
862,580,8,1,699.0,699.0
863,581,10,2,2199.0,4398.0
864,582,5,1,1099.0,1099.0
865,583,12,1,3499.0,3499.0
866,584,11,1,2299.0,2299.0
867,584,1,2,999.0,1998.0
868,584,8,1,699.0,699.0
869,585,1,1,999.0,999.0
870,586,8,2,699.0,1398.0
871,587,4,2,1199.0,2398.0
872,588,4,1,1199.0,1199.0
873,589,2,1,999.0,999.0
874,590,10,1,2199.0,2199.0
875,591,1,2,999.0,1998.0
876,591,3,1,1299.0,1299.0
877,592,2,1,999.0,999.0
878,592,12,1,3499.0,3499.0
879,592,1,1,999.0,999.0
880,593,4,1,1199.0,1199.0
881,594,2,1,999.0,999.0
882,594,5,1,1099.0,1099.0
883,595,4,2,1199.0,2398.0
884,595,12,2,3499.0,6998.0
885,596,10,1,2199.0,2199.0
886,597,2,1,999.0,999.0
887,597,10,2,2199.0,4398.0
888,598,12,1,3499.0,3499.0
889,599,2,1,999.0,999.0
890,599,9,1,999.0,999.0
891,600,6,1,1599.0,1599.0
892,600,3,1,1299.0,1299.0
893,601,2,1,999.0,999.0
894,602,7,1,1499.0,1499.0
895,603,10,2,2199.0,4398.0
896,603,12,2,3499.0,6998.0
897,604,7,1,1499.0,1499.0
898,605,11,1,2299.0,2299.0
899,606,9,1,999.0,999.0
900,606,2,2,999.0,1998.0
901,607,11,1,2299.0,2299.0
902,608,2,1,999.0,999.0
903,608,1,1,999.0,999.0
904,609,5,1,1099.0,1099.0
905,609,1,1,999.0,999.0
906,610,9,2,999.0,1998.0
907,611,1,1,999.0,999.0
908,612,10,1,2199.0,2199.0
909,613,5,2,1099.0,2198.0
910,614,11,1,2299.0,2299.0
911,615,11,1,2299.0,2299.0
912,615,5,1,1099.0,1099.0
913,615,1,1,999.0,999.0
914,616,8,2,699.0,1398.0
915,617,2,1,999.0,999.0
916,617,1,1,999.0,999.0
917,618,1,1,999.0,999.0
918,619,7,1,1499.0,1499.0
919,620,2,1,999.0,999.0
920,620,5,1,1099.0,1099.0
921,620,1,1,999.0,999.0
922,621,11,1,2299.0,2299.0
923,622,8,2,699.0,1398.0
924,623,9,1,999.0,999.0
925,623,1,1,999.0,999.0
926,624,5,2,1099.0,2198.0
927,625,8,1,699.0,699.0
928,625,9,1,999.0,999.0
929,625,10,2,2199.0,4398.0
930,626,5,1,1099.0,1099.0
931,626,2,1,999.0,999.0
932,627,7,1,1499.0,1499.0
933,627,3,2,1299.0,2598.0
934,628,1,2,999.0,1998.0
935,629,2,1,999.0,999.0
936,629,11,2,2299.0,4598.0
937,630,3,1,1299.0,1299.0
938,630,8,1,699.0,699.0
939,630,2,1,999.0,999.0
940,631,3,1,1299.0,1299.0
941,632,4,2,1199.0,2398.0
942,632,9,1,999.0,999.0
943,633,1,2,999.0,1998.0
944,633,2,1,999.0,999.0
945,633,12,1,3499.0,3499.0
946,634,2,2,999.0,1998.0
947,635,4,1,1199.0,1199.0
948,636,5,1,1099.0,1099.0
949,637,1,1,999.0,999.0
950,637,2,1,999.0,999.0
951,637,8,1,699.0,699.0
952,638,12,1,3499.0,3499.0
953,638,11,1,2299.0,2299.0
954,638,4,1,1199.0,1199.0
955,639,7,1,1499.0,1499.0
956,639,5,1,1099.0,1099.0
957,639,12,1,3499.0,3499.0
958,640,10,1,2199.0,2199.0
959,640,6,2,1599.0,3198.0
960,641,4,1,1199.0,1199.0
961,642,4,1,1199.0,1199.0
962,643,3,1,1299.0,1299.0
963,644,1,1,999.0,999.0
964,644,4,1,1199.0,1199.0
965,645,2,2,999.0,1998.0
966,646,4,1,1199.0,1199.0
967,646,3,1,1299.0,1299.0
968,647,8,1,699.0,699.0
969,647,10,1,2199.0,2199.0
970,647,4,1,1199.0,1199.0
971,648,3,1,1299.0,1299.0
972,648,12,1,3499.0,3499.0
973,649,1,2,999.0,1998.0
974,649,6,1,1599.0,1599.0
975,649,7,1,1499.0,1499.0
976,650,1,1,999.0,999.0
977,650,6,1,1599.0,1599.0
978,651,10,1,2199.0,2199.0
979,652,11,1,2299.0,2299.0
980,653,10,1,2199.0,2199.0
981,654,1,1,999.0,999.0
982,654,7,1,1499.0,1499.0
983,655,3,1,1299.0,1299.0
984,656,3,1,1299.0,1299.0
985,657,6,1,1599.0,1599.0
986,658,2,1,999.0,999.0
987,659,9,1,999.0,999.0
988,660,7,1,1499.0,1499.0
989,661,2,1,999.0,999.0
990,662,10,1,2199.0,2199.0
991,662,1,1,999.0,999.0
992,663,5,1,1099.0,1099.0
993,663,9,1,999.0,999.0
994,664,5,2,1099.0,2198.0
995,665,9,2,999.0,1998.0
996,665,3,1,1299.0,1299.0
997,665,7,1,1499.0,1499.0
998,666,4,1,1199.0,1199.0
999,667,1,1,999.0,999.0
1000,668,7,1,1499.0,1499.0
1001,669,6,1,1599.0,1599.0
1002,669,7,1,1499.0,1499.0
1003,669,5,1,1099.0,1099.0
1004,670,8,1,699.0,699.0
1005,670,3,1,1299.0,1299.0
1006,671,4,1,1199.0,1199.0
1007,672,4,1,1199.0,1199.0
1008,672,11,1,2299.0,2299.0
1009,673,10,1,2199.0,2199.0
1010,674,12,1,3499.0,3499.0
1011,675,12,1,3499.0,3499.0
1012,675,8,2,699.0,1398.0
1013,676,1,1,999.0,999.0
1014,676,4,2,1199.0,2398.0
1015,676,5,1,1099.0,1099.0
1016,677,6,1,1599.0,1599.0
1017,678,1,1,999.0,999.0
1018,679,5,1,1099.0,1099.0
1019,680,3,1,1299.0,1299.0
1020,680,10,1,2199.0,2199.0
1021,680,5,1,1099.0,1099.0
1022,681,3,1,1299.0,1299.0
1023,681,7,1,1499.0,1499.0
1024,682,8,1,699.0,699.0
1025,683,1,1,999.0,999.0
1026,684,4,1,1199.0,1199.0
1027,685,7,1,1499.0,1499.0
1028,685,5,2,1099.0,2198.0
1029,686,7,1,1499.0,1499.0
1030,687,4,1,1199.0,1199.0
1031,688,6,1,1599.0,1599.0
1032,688,10,1,2199.0,2199.0
1033,689,10,1,2199.0,2199.0
1034,690,1,2,999.0,1998.0
1035,691,9,1,999.0,999.0
1036,692,2,1,999.0,999.0
1037,693,1,1,999.0,999.0
1038,693,2,1,999.0,999.0
1039,694,2,1,999.0,999.0
1040,695,5,1,1099.0,1099.0
1041,696,8,1,699.0,699.0
1042,697,11,2,2299.0,4598.0
1043,697,2,1,999.0,999.0
1044,698,2,1,999.0,999.0
1045,699,12,1,3499.0,3499.0
1046,700,2,1,999.0,999.0
1047,700,3,1,1299.0,1299.0
1048,700,10,1,2199.0,2199.0
1049,701,4,1,1199.0,1199.0
1050,702,7,1,1499.0,1499.0
1051,702,1,1,999.0,999.0
1052,703,9,1,999.0,999.0
1053,704,8,1,699.0,699.0
1054,705,3,1,1299.0,1299.0
1055,706,4,1,1199.0,1199.0
1056,707,4,1,1199.0,1199.0
1057,708,2,1,999.0,999.0
1058,709,2,1,999.0,999.0
1059,709,5,1,1099.0,1099.0
1060,710,3,1,1299.0,1299.0
1061,710,10,1,2199.0,2199.0
1062,710,11,1,2299.0,2299.0
1063,711,7,1,1499.0,1499.0
1064,712,4,1,1199.0,1199.0
1065,712,7,1,1499.0,1499.0
1066,713,2,1,999.0,999.0
1067,714,1,1,999.0,999.0
1068,715,10,1,2199.0,2199.0
1069,715,2,1,999.0,999.0
1070,716,1,1,999.0,999.0
1071,717,2,1,999.0,999.0
1072,717,1,1,999.0,999.0
1073,718,10,1,2199.0,2199.0
1074,719,12,1,3499.0,3499.0
1075,720,5,1,1099.0,1099.0
1076,721,7,1,1499.0,1499.0
1077,722,1,1,999.0,999.0
1078,723,3,1,1299.0,1299.0
1079,724,11,1,2299.0,2299.0
1080,725,11,1,2299.0,2299.0
1081,725,7,1,1499.0,1499.0
1082,725,4,1,1199.0,1199.0
1083,726,10,1,2199.0,2199.0
1084,726,12,1,3499.0,3499.0
1085,727,7,2,1499.0,2998.0
1086,728,5,1,1099.0,1099.0
1087,729,1,1,999.0,999.0
1088,730,3,1,1299.0,1299.0
1089,731,1,1,999.0,999.0
1090,732,7,1,1499.0,1499.0
1091,733,7,1,1499.0,1499.0
1092,733,6,1,1599.0,1599.0
1093,734,12,1,3499.0,3499.0
1094,734,1,1,999.0,999.0
1095,735,11,1,2299.0,2299.0
1096,736,9,1,999.0,999.0
1097,736,10,1,2199.0,2199.0
1098,737,10,1,2199.0,2199.0
1099,737,5,1,1099.0,1099.0
1100,738,1,1,999.0,999.0
1101,739,3,1,1299.0,1299.0
1102,740,11,1,2299.0,2299.0
1103,740,3,1,1299.0,1299.0
1104,741,7,1,1499.0,1499.0
1105,741,1,1,999.0,999.0
1106,741,10,1,2199.0,2199.0
1107,742,12,1,3499.0,3499.0
1108,743,9,1,999.0,999.0
1109,743,5,1,1099.0,1099.0
1110,744,11,1,2299.0,2299.0
1111,745,7,2,1499.0,2998.0
1112,745,3,1,1299.0,1299.0
1113,746,12,1,3499.0,3499.0
1114,747,12,1,3499.0,3499.0
1115,747,2,1,999.0,999.0
1116,748,6,1,1599.0,1599.0
1117,748,10,2,2199.0,4398.0
1118,749,11,1,2299.0,2299.0
1119,750,1,1,999.0,999.0
1120,751,5,1,1099.0,1099.0
1121,752,6,1,1599.0,1599.0
1122,753,10,1,2199.0,2199.0
1123,754,2,1,999.0,999.0
1124,755,8,1,699.0,699.0
1125,756,4,1,1199.0,1199.0
1126,757,10,2,2199.0,4398.0
1127,758,8,1,699.0,699.0
1128,758,12,1,3499.0,3499.0
1129,759,7,1,1499.0,1499.0
1130,760,2,1,999.0,999.0
1131,761,3,1,1299.0,1299.0
1132,762,4,2,1199.0,2398.0
1133,762,3,1,1299.0,1299.0
1134,763,5,1,1099.0,1099.0
1135,764,4,1,1199.0,1199.0
1136,765,6,2,1599.0,3198.0
1137,766,8,2,699.0,1398.0
1138,767,4,2,1199.0,2398.0
1139,768,11,2,2299.0,4598.0
1140,769,8,1,699.0,699.0
1141,770,1,1,999.0,999.0
1142,771,8,1,699.0,699.0
1143,772,3,2,1299.0,2598.0
1144,773,9,2,999.0,1998.0
1145,773,10,1,2199.0,2199.0
1146,774,3,1,1299.0,1299.0
1147,775,4,1,1199.0,1199.0
1148,776,3,1,1299.0,1299.0
1149,777,7,1,1499.0,1499.0
1150,777,2,1,999.0,999.0
1151,778,10,1,2199.0,2199.0
1152,779,6,1,1599.0,1599.0
1153,779,8,1,699.0,699.0
1154,780,9,1,999.0,999.0
1155,781,5,1,1099.0,1099.0
1156,782,7,1,1499.0,1499.0
1157,783,2,1,999.0,999.0
1158,784,12,1,3499.0,3499.0
1159,784,11,1,2299.0,2299.0
1160,784,1,2,999.0,1998.0
1161,785,7,1,1499.0,1499.0
1162,786,11,1,2299.0,2299.0
1163,786,4,1,1199.0,1199.0
1164,787,11,2,2299.0,4598.0
1165,788,9,1,999.0,999.0
1166,789,9,1,999.0,999.0
1167,789,2,1,999.0,999.0
1168,789,5,1,1099.0,1099.0
1169,790,2,1,999.0,999.0
1170,791,3,1,1299.0,1299.0
1171,791,1,1,999.0,999.0
1172,792,1,1,999.0,999.0
1173,793,1,1,999.0,999.0
1174,794,12,1,3499.0,3499.0
1175,795,12,1,3499.0,3499.0
1176,795,1,1,999.0,999.0
1177,796,10,1,2199.0,2199.0
1178,797,9,1,999.0,999.0
1179,798,8,1,699.0,699.0
1180,799,3,1,1299.0,1299.0
1181,799,8,2,699.0,1398.0
1182,800,6,1,1599.0,1599.0
1183,801,9,1,999.0,999.0
1184,802,7,1,1499.0,1499.0
1185,802,8,1,699.0,699.0
1186,802,1,1,999.0,999.0
1187,803,11,1,2299.0,2299.0
1188,804,11,2,2299.0,4598.0
1189,805,1,1,999.0,999.0
1190,805,7,1,1499.0,1499.0
1191,806,6,1,1599.0,1599.0
1192,806,10,1,2199.0,2199.0
1193,807,1,1,999.0,999.0
1194,808,12,1,3499.0,3499.0
1195,809,10,1,2199.0,2199.0
1196,810,7,1,1499.0,1499.0
1197,810,10,1,2199.0,2199.0
1198,811,1,1,999.0,999.0
1199,811,7,1,1499.0,1499.0
1200,812,2,1,999.0,999.0
1201,812,3,1,1299.0,1299.0
1202,813,3,1,1299.0,1299.0
1203,813,4,1,1199.0,1199.0
1204,814,11,1,2299.0,2299.0
1205,814,4,2,1199.0,2398.0
1206,815,9,1,999.0,999.0
1207,815,5,1,1099.0,1099.0
1208,815,7,2,1499.0,2998.0
1209,816,10,1,2199.0,2199.0
1210,817,2,1,999.0,999.0
1211,818,1,1,999.0,999.0
1212,818,11,1,2299.0,2299.0
1213,819,1,1,999.0,999.0
1214,820,4,1,1199.0,1199.0
1215,820,9,1,999.0,999.0
1216,821,7,1,1499.0,1499.0
1217,822,1,1,999.0,999.0
1218,823,7,1,1499.0,1499.0
1219,824,9,1,999.0,999.0
1220,824,5,1,1099.0,1099.0
1221,825,3,1,1299.0,1299.0
1222,825,4,2,1199.0,2398.0
1223,825,8,1,699.0,699.0
1224,826,4,1,1199.0,1199.0
1225,827,12,1,3499.0,3499.0
1226,827,4,1,1199.0,1199.0
1227,827,5,1,1099.0,1099.0
1228,828,11,2,2299.0,4598.0
1229,829,1,1,999.0,999.0
1230,829,7,1,1499.0,1499.0
1231,829,11,1,2299.0,2299.0
1232,830,3,1,1299.0,1299.0
1233,831,12,1,3499.0,3499.0
1234,831,1,1,999.0,999.0
1235,832,10,1,2199.0,2199.0
1236,832,3,1,1299.0,1299.0
1237,833,2,1,999.0,999.0
1238,833,1,1,999.0,999.0
1239,833,3,1,1299.0,1299.0
1240,834,5,1,1099.0,1099.0
1241,835,7,1,1499.0,1499.0
1242,835,1,1,999.0,999.0
