order_id,customer_id,order_datetime,payment_method,order_status,discount_code,discount_pct,discount_amount,shipping_fee,gross_amount,net_revenue
1,1,2025-09-02 14:02:00,Prepaid,Delivered,NONE,0,0.0,0,2298.0,2298.0
2,2,2025-09-02 10:19:00,COD,Delivered,FESTIVE20,20,679.4,0,3397.0,2717.6
3,3,2025-09-03 17:47:00,COD,Delivered,NONE,0,0.0,0,3797.0,3797.0
4,4,2025-09-04 11:38:00,COD,Delivered,FESTIVE20,20,259.8,49,1299.0,1088.2
5,5,2025-09-08 15:18:00,COD,Delivered,NONE,0,0.0,0,1599.0,1599.0
6,6,2025-09-08 13:27:00,COD,RTO,FESTIVE20,20,599.6,0,2998.0,2398.4
7,7,2025-09-09 09:09:00,Prepaid,Delivered,NONE,0,0.0,0,699.0,699.0
8,8,2025-09-10 10:29:00,COD,RTO,REF10,10,589.7,0,5897.0,5307.3
9,9,2025-09-12 11:22:00,COD,RTO,WELCOME10,10,219.8,0,2198.0,1978.2
10,10,2025-09-12 15:51:00,COD,Delivered,NONE,0,0.0,0,1599.0,1599.0
11,11,2025-09-12 19:12:00,COD,RTO,NONE,0,0.0,0,1599.0,1599.0
12,12,2025-09-13 18:37:00,COD,Delivered,WELCOME10,10,459.8,0,4598.0,4138.2
13,13,2025-09-13 16:00:00,COD,Delivered,NONE,0,0.0,0,1998.0,1998.0
14,14,2025-09-18 12:43:00,COD,Delivered,WELCOME10,10,119.9,49,1199.0,1128.1
15,15,2025-09-20 20:40:00,COD,Delivered,NONE,0,0.0,0,2299.0,2299.0
16,16,2025-09-21 09:44:00,COD,RTO,NONE,0,0.0,0,2598.0,2598.0
17,17,2025-09-21 17:05:00,COD,RTO,REF10,10,329.7,0,3297.0,2967.3
18,18,2025-09-24 22:52:00,COD,Delivered,NONE,0,0.0,0,2498.0,2498.0
19,19,2025-09-25 14:32:00,COD,Delivered,NONE,0,0.0,0,2498.0,2498.0
20,20,2025-09-26 12:11:00,COD,Delivered,WELCOME10,10,479.8,0,4798.0,4318.2
21,21,2025-09-26 17:24:00,COD,Delivered,REF10,10,109.9,49,1099.0,1038.1
22,22,2025-09-28 18:43:00,COD,Delivered,REF10,10,69.9,49,699.0,678.1
23,16,2025-09-28 14:05:00,COD,RTO,REF10,10,199.8,0,1998.0,1798.2
24,23,2025-09-29 22:30:00,COD,Delivered,NONE,0,0.0,49,1199.0,1248.0
25,24,2025-09-30 16:54:00,COD,Cancelled,NONE,0,0.0,0,4096.0,4096.0
26,25,2025-10-05 14:50:00,COD,Delivered,FESTIVE20,20,399.6,0,1998.0,1598.4
27,26,2025-10-06 17:05:00,COD,RTO,REF10,10,69.9,49,699.0,678.1
28,27,2025-10-06 17:13:00,COD,Delivered,REF10,10,449.8,0,4498.0,4048.2
29,28,2025-10-08 14:22:00,COD,Delivered,NONE,0,0.0,0,3298.0,3298.0
30,29,2025-10-09 22:14:00,COD,Delivered,NONE,0,0.0,0,3198.0,3198.0
31,30,2025-10-09 18:04:00,COD,Delivered,NONE,0,0.0,49,1299.0,1348.0
32,31,2025-10-09 10:38:00,COD,Delivered,NONE,0,0.0,0,5697.0,5697.0
33,32,2025-10-11 17:25:00,COD,Delivered,WELCOME10,10,219.9,0,2199.0,1979.1
34,33,2025-10-11 20:58:00,COD,Delivered,NONE,0,0.0,0,1499.0,1499.0
35,34,2025-10-11 13:27:00,COD,RTO,NONE,0,0.0,0,6697.0,6697.0
36,35,2025-10-11 17:49:00,COD,Delivered,REF10,10,159.9,49,1599.0,1488.1
37,36,2025-10-11 08:26:00,COD,Delivered,FESTIVE20,20,339.6,49,1698.0,1407.4
38,37,2025-10-12 20:29:00,COD,Delivered,NONE,0,0.0,0,6496.0,6496.0
39,38,2025-10-12 16:36:00,Prepaid,Delivered,LAUNCH15,15,449.55,0,2997.0,2547.45
40,39,2025-10-14 15:41:00,Prepaid,Delivered,REF10,10,119.9,0,1199.0,1079.1
41,22,2025-10-14 12:12:00,Prepaid,Delivered,NONE,0,0.0,0,1299.0,1299.0
42,40,2025-10-14 17:44:00,COD,Delivered,REF10,10,69.9,49,699.0,678.1
43,18,2025-10-15 08:20:00,COD,Delivered,WELCOME10,10,249.8,0,2498.0,2248.2
44,41,2025-10-15 15:20:00,COD,Delivered,NONE,0,0.0,0,1499.0,1499.0
45,42,2025-10-16 12:10:00,COD,Delivered,WELCOME10,10,99.9,49,999.0,948.1
46,43,2025-10-16 11:32:00,COD,RTO,REF10,10,609.7,0,6097.0,5487.3
47,44,2025-10-16 15:55:00,COD,RTO,NONE,0,0.0,49,999.0,1048.0
48,45,2025-10-16 11:28:00,COD,Delivered,REF10,10,199.8,0,1998.0,1798.2
49,46,2025-10-17 12:09:00,COD,RTO,NONE,0,0.0,0,2997.0,2997.0
50,47,2025-10-17 17:37:00,COD,Delivered,REF10,10,199.8,0,1998.0,1798.2
51,48,2025-10-17 16:37:00,COD,Delivered,REF10,10,449.8,0,4498.0,4048.2
52,49,2025-10-18 13:52:00,COD,Returned,NONE,0,0.0,0,1499.0,1499.0
53,50,2025-10-18 18:41:00,Prepaid,Delivered,NONE,0,0.0,0,999.0,999.0
54,51,2025-10-18 20:08:00,COD,Delivered,FESTIVE20,20,599.6,0,2998.0,2398.4
55,52,2025-10-18 12:04:00,Prepaid,Delivered,NONE,0,0.0,0,699.0,699.0
56,53,2025-10-19 14:48:00,COD,RTO,FESTIVE20,20,1079.4,0,5397.0,4317.6
57,41,2025-10-19 16:09:00,Prepaid,Delivered,NONE,0,0.0,0,7296.0,7296.0
58,33,2025-10-20 08:57:00,COD,Delivered,NONE,0,0.0,49,699.0,748.0
59,54,2025-10-21 23:22:00,COD,Delivered,FESTIVE20,20,439.8,0,2199.0,1759.2
60,55,2025-10-21 12:51:00,COD,Delivered,LAUNCH15,15,149.85,49,999.0,898.15
61,56,2025-10-21 23:20:00,COD,Cancelled,LAUNCH15,15,404.7,0,2698.0,2293.3
62,57,2025-10-22 15:05:00,COD,Delivered,NONE,0,0.0,0,4498.0,4498.0
63,58,2025-10-22 19:21:00,COD,Delivered,NONE,0,0.0,0,4197.0,4197.0
64,59,2025-10-22 12:30:00,Prepaid,Delivered,NONE,0,0.0,0,999.0,999.0
65,60,2025-10-23 08:33:00,COD,Delivered,WELCOME10,10,129.9,49,1299.0,1218.1
66,61,2025-10-23 17:10:00,Prepaid,Delivered,NONE,0,0.0,0,1499.0,1499.0
67,62,2025-10-23 08:21:00,Prepaid,Delivered,NONE,0,0.0,0,1499.0,1499.0
68,63,2025-10-23 11:35:00,COD,Delivered,NONE,0,0.0,49,999.0,1048.0
69,62,2025-10-23 21:35:00,COD,RTO,NONE,0,0.0,49,1199.0,1248.0
70,64,2025-10-24 12:57:00,COD,Cancelled,WELCOME10,10,229.9,0,2299.0,2069.1
71,65,2025-10-25 18:02:00,COD,Delivered,NONE,0,0.0,0,3198.0,3198.0
72,66,2025-10-26 15:13:00,COD,Delivered,NONE,0,0.0,0,3498.0,3498.0
73,67,2025-10-26 08:52:00,COD,RTO,WELCOME10,10,69.9,49,699.0,678.1
74,68,2025-10-26 17:05:00,COD,Delivered,NONE,0,0.0,49,999.0,1048.0
75,57,2025-10-27 13:21:00,COD,Returned,LAUNCH15,15,164.85,49,1099.0,983.15
76,69,2025-10-28 13:47:00,Prepaid,Delivered,WELCOME10,10,199.8,0,1998.0,1798.2
77,70,2025-10-28 14:02:00,COD,Delivered,NONE,0,0.0,0,2198.0,2198.0
78,71,2025-10-28 12:29:00,COD,Delivered,NONE,0,0.0,49,1299.0,1348.0
79,72,2025-10-29 14:55:00,COD,RTO,NONE,0,0.0,0,2298.0,2298.0
80,73,2025-10-30 14:51:00,COD,RTO,WELCOME10,10,69.9,49,699.0,678.1
81,74,2025-11-01 13:45:00,COD,Delivered,NONE,0,0.0,49,699.0,748.0
82,75,2025-11-01 15:34:00,COD,RTO,NONE,0,0.0,0,2298.0,2298.0
83,76,2025-11-01 21:40:00,COD,Delivered,NONE,0,0.0,49,999.0,1048.0
84,77,2025-11-02 14:16:00,COD,RTO,NONE,0,0.0,0,1998.0,1998.0
85,78,2025-11-02 18:12:00,COD,Delivered,WELCOME10,10,129.9,49,1299.0,1218.1
86,79,2025-11-02 18:01:00,COD,RTO,WELCOME10,10,319.8,0,3198.0,2878.2
87,80,2025-11-03 15:16:00,Prepaid,Delivered,NONE,0,0.0,0,999.0,999.0
88,81,2025-11-03 12:43:00,Prepaid,Delivered,FESTIVE20,20,679.2,0,3396.0,2716.8
89,82,2025-11-04 11:21:00,Prepaid,Delivered,WELCOME10,10,99.9,0,999.0,899.1
90,26,2025-11-04 15:38:00,COD,RTO,NONE,0,0.0,0,3198.0,3198.0
91,83,2025-11-04 15:49:00,COD,Delivered,NONE,0,0.0,0,3498.0,3498.0
92,84,2025-11-05 18:28:00,Prepaid,RTO,WELCOME10,10,149.9,0,1499.0,1349.1
93,85,2025-11-06 14:13:00,COD,Cancelled,NONE,0,0.0,0,1499.0,1499.0
94,86,2025-11-06 11:35:00,COD,Delivered,NONE,0,0.0,0,2098.0,2098.0
95,66,2025-11-07 21:37:00,COD,Delivered,NONE,0,0.0,0,3997.0,3997.0
96,87,2025-11-07 08:09:00,COD,RTO,LAUNCH15,15,179.85,49,1199.0,1068.15
97,88,2025-11-08 08:26:00,COD,Delivered,WELCOME10,10,199.8,0,1998.0,1798.2
98,89,2025-11-08 12:28:00,COD,Returned,REF10,10,99.9,49,999.0,948.1
99,90,2025-11-09 10:10:00,COD,RTO,LAUNCH15,15,149.85,49,999.0,898.15
100,33,2025-11-09 17:19:00,COD,RTO,WELCOME10,10,69.9,49,699.0,678.1
101,91,2025-11-09 16:26:00,COD,Delivered,LAUNCH15,15,149.85,49,999.0,898.15
102,92,2025-11-09 12:55:00,COD,Delivered,WELCOME10,10,329.8,0,3298.0,2968.2
103,93,2025-11-09 16:34:00,COD,Delivered,REF10,10,349.9,0,3499.0,3149.1
104,94,2025-11-10 16:00:00,COD,Delivered,NONE,0,0.0,0,3298.0,3298.0
105,95,2025-11-10 16:45:00,COD,Delivered,WELCOME10,10,99.9,49,999.0,948.1
106,96,2025-11-10 10:36:00,COD,Delivered,WELCOME10,10,149.9,49,1499.0,1398.1
107,97,2025-11-11 10:28:00,Prepaid,Delivered,FESTIVE20,20,699.8,0,3499.0,2799.2
108,98,2025-11-11 13:16:00,COD,Delivered,REF10,10,149.9,49,1499.0,1398.1
109,99,2025-11-12 14:48:00,COD,Delivered,NONE,0,0.0,0,1499.0,1499.0
110,100,2025-11-12 17:24:00,COD,Delivered,NONE,0,0.0,49,999.0,1048.0
111,101,2025-11-12 11:35:00,COD,Returned,NONE,0,0.0,49,699.0,748.0
112,102,2025-11-13 23:23:00,Prepaid,Cancelled,NONE,0,0.0,0,1499.0,1499.0
113,103,2025-11-13 17:46:00,COD,Delivered,FESTIVE20,20,439.6,0,2198.0,1758.4
114,104,2025-11-13 13:04:00,COD,Delivered,NONE,0,0.0,0,2199.0,2199.0
115,105,2025-11-14 11:32:00,COD,Delivered,LAUNCH15,15,479.55,0,3197.0,2717.45
116,55,2025-11-14 17:59:00,COD,Delivered,NONE,0,0.0,0,3298.0,3298.0
117,106,2025-11-15 10:21:00,COD,RTO,NONE,0,0.0,0,2199.0,2199.0
118,91,2025-11-15 11:09:00,COD,Delivered,NONE,0,0.0,0,6998.0,6998.0
119,107,2025-11-15 17:18:00,COD,Delivered,WELCOME10,10,459.8,0,4598.0,4138.2
120,21,2025-11-15 17:36:00,Prepaid,Delivered,LAUNCH15,15,1019.25,0,6795.0,5775.75
121,108,2025-11-16 13:35:00,Prepaid,Delivered,LAUNCH15,15,149.85,0,999.0,849.15
122,109,2025-11-16 16:11:00,Prepaid,Cancelled,NONE,0,0.0,0,1199.0,1199.0
123,110,2025-11-16 13:30:00,COD,Delivered,WELCOME10,10,129.9,49,1299.0,1218.1
124,111,2025-11-17 15:28:00,COD,Delivered,FESTIVE20,20,379.6,0,1898.0,1518.4
125,112,2025-11-17 08:50:00,Prepaid,Delivered,NONE,0,0.0,0,699.0,699.0
126,113,2025-11-18 19:07:00,COD,Returned,NONE,0,0.0,49,1299.0,1348.0
127,114,2025-11-18 08:50:00,COD,Delivered,LAUNCH15,15,854.7,0,5698.0,4843.3
128,60,2025-11-19 13:09:00,COD,Delivered,REF10,10,219.8,0,2198.0,1978.2
129,115,2025-11-19 11:59:00,Prepaid,Delivered,REF10,10,99.9,0,999.0,899.1
130,116,2025-11-21 08:30:00,COD,Delivered,NONE,0,0.0,49,1099.0,1148.0
131,117,2025-11-21 12:58:00,COD,Cancelled,REF10,10,369.7,0,3697.0,3327.3
132,118,2025-11-21 18:33:00,COD,RTO,REF10,10,99.9,49,999.0,948.1
133,119,2025-11-22 18:27:00,COD,Delivered,WELCOME10,10,439.8,0,4398.0,3958.2
134,120,2025-11-22 11:50:00,COD,Delivered,NONE,0,0.0,0,4197.0,4197.0
135,121,2025-11-22 14:48:00,COD,Delivered,NONE,0,0.0,0,1698.0,1698.0
136,122,2025-11-22 11:02:00,COD,Delivered,NONE,0,0.0,49,999.0,1048.0
137,123,2025-11-24 19:13:00,COD,RTO,REF10,10,99.9,49,999.0,948.1
138,124,2025-11-24 17:38:00,Prepaid,Delivered,WELCOME10,10,149.9,0,1499.0,1349.1
139,80,2025-11-24 19:42:00,COD,Delivered,REF10,10,349.8,0,3498.0,3148.2
140,125,2025-11-26 12:44:00,COD,Delivered,REF10,10,219.9,0,2199.0,1979.1
141,126,2025-11-27 17:35:00,COD,Delivered,NONE,0,0.0,0,4498.0,4498.0
142,127,2025-11-27 21:28:00,COD,RTO,REF10,10,219.9,0,2199.0,1979.1
143,128,2025-11-27 18:57:00,COD,Delivered,NONE,0,0.0,0,1499.0,1499.0
144,108,2025-11-28 19:29:00,Prepaid,RTO,FESTIVE20,20,659.4,0,3297.0,2637.6
145,84,2025-11-29 15:56:00,COD,Delivered,LAUNCH15,15,359.7,0,2398.0,2038.3
146,108,2025-11-29 17:33:00,COD,Delivered,WELCOME10,10,69.9,49,699.0,678.1
147,129,2025-11-30 19:47:00,Prepaid,Delivered,LAUNCH15,15,104.85,0,699.0,594.15
148,130,2025-11-30 08:27:00,COD,RTO,NONE,0,0.0,0,1998.0,1998.0
149,131,2025-11-30 21:45:00,COD,Delivered,NONE,0,0.0,0,2598.0,2598.0
150,79,2025-11-30 16:33:00,COD,Delivered,WELCOME10,10,99.9,49,999.0,948.1
151,8,2025-12-01 10:43:00,COD,Delivered,REF10,10,569.8,0,5698.0,5128.2
152,132,2025-12-02 14:51:00,Prepaid,Delivered,REF10,10,329.8,0,3298.0,2968.2
153,133,2025-12-02 08:06:00,COD,Delivered,WELCOME10,10,439.8,0,4398.0,3958.2
154,34,2025-12-03 15:58:00,COD,Delivered,NONE,0,0.0,0,1898.0,1898.0
155,134,2025-12-03 13:21:00,COD,RTO,WELCOME10,10,449.8,0,4498.0,4048.2
156,57,2025-12-04 16:54:00,COD,Delivered,NONE,0,0.0,0,3198.0,3198.0
157,135,2025-12-04 14:01:00,COD,Delivered,FESTIVE20,20,439.8,0,2199.0,1759.2
158,136,2025-12-05 13:07:00,COD,Delivered,NONE,0,0.0,0,3297.0,3297.0
159,30,2025-12-05 18:53:00,Prepaid,Delivered,LAUNCH15,15,194.85,0,1299.0,1104.15
160,137,2025-12-05 21:06:00,Prepaid,Delivered,NONE,0,0.0,0,2598.0,2598.0
161,137,2025-12-05 12:46:00,COD,Delivered,NONE,0,0.0,0,1599.0,1599.0
162,138,2025-12-06 08:23:00,COD,Delivered,NONE,0,0.0,0,1599.0,1599.0
163,139,2025-12-06 12:08:00,COD,Delivered,NONE,0,0.0,49,1299.0,1348.0
164,140,2025-12-06 14:02:00,COD,Delivered,REF10,10,299.8,0,2998.0,2698.2
165,141,2025-12-07 14:42:00,COD,RTO,LAUNCH15,15,554.55,0,3697.0,3142.45
166,142,2025-12-07 19:49:00,COD,Delivered,NONE,0,0.0,0,4097.0,4097.0
167,91,2025-12-07 19:39:00,Prepaid,Delivered,NONE,0,0.0,0,2299.0,2299.0
168,84,2025-12-07 17:36:00,COD,Delivered,WELCOME10,10,489.6,0,4896.0,4406.4
169,143,2025-12-08 14:49:00,Prepaid,Delivered,WELCOME10,10,259.8,0,2598.0,2338.2
170,21,2025-12-08 09:26:00,COD,Delivered,NONE,0,0.0,49,1299.0,1348.0
171,144,2025-12-09 11:10:00,COD,Delivered,NONE,0,0.0,0,1499.0,1499.0
172,145,2025-12-10 20:40:00,COD,Cancelled,NONE,0,0.0,0,2198.0,2198.0
173,146,2025-12-10 08:18:00,COD,Delivered,WELCOME10,10,349.9,0,3499.0,3149.1
174,147,2025-12-11 09:17:00,COD,Delivered,LAUNCH15,15,659.7,0,4398.0,3738.3
175,148,2025-12-12 08:15:00,COD,RTO,NONE,0,0.0,49,999.0,1048.0
176,149,2025-12-13 12:49:00,COD,Delivered,REF10,10,349.9,0,3499.0,3149.1
177,150,2025-12-13 08:57:00,COD,Delivered,FESTIVE20,20,199.8,49,999.0,848.2
178,151,2025-12-14 15:30:00,Prepaid,Delivered,WELCOME10,10,419.6,0,4196.0,3776.4
179,52,2025-12-14 17:21:00,COD,Delivered,LAUNCH15,15,224.85,49,1499.0,1323.15
180,152,2025-12-14 15:00:00,COD,Delivered,NONE,0,0.0,0,3499.0,3499.0
181,153,2025-12-14 15:37:00,COD,RTO,NONE,0,0.0,49,999.0,1048.0
182,154,2025-12-15 19:00:00,COD,Delivered,NONE,0,0.0,0,3499.0,3499.0
183,36,2025-12-15 18:01:00,COD,Delivered,REF10,10,599.7,0,5997.0,5397.3
184,155,2025-12-15 10:47:00,COD,Cancelled,LAUNCH15,15,149.85,49,999.0,898.15
185,156,2025-12-15 15:50:00,COD,Returned,REF10,10,99.9,49,999.0,948.1
186,157,2025-12-16 13:37:00,COD,Delivered,FESTIVE20,20,219.8,49,1099.0,928.2
187,114,2025-12-16 14:17:00,COD,Delivered,NONE,0,0.0,0,3098.0,3098.0
188,98,2025-12-17 08:16:00,COD,Returned,WELCOME10,10,159.9,49,1599.0,1488.1
189,158,2025-12-17 08:56:00,COD,Delivered,FESTIVE20,20,699.4,0,3497.0,2797.6
190,159,2025-12-18 10:10:00,COD,Delivered,NONE,0,0.0,0,2598.0,2598.0
191,160,2025-12-18 20:00:00,COD,Delivered,NONE,0,0.0,0,4796.0,4796.0
192,161,2025-12-18 17:23:00,COD,Delivered,NONE,0,0.0,0,2898.0,2898.0
193,162,2025-12-18 08:50:00,Prepaid,Delivered,WELCOME10,10,249.8,0,2498.0,2248.2
194,102,2025-12-19 15:54:00,COD,Cancelled,LAUNCH15,15,149.85,49,999.0,898.15
195,163,2025-12-19 17:07:00,COD,Delivered,REF10,10,509.8,0,5098.0,4588.2
196,164,2025-12-20 17:52:00,COD,Delivered,REF10,10,69.9,49,699.0,678.1
197,165,2025-12-20 21:28:00,COD,RTO,REF10,10,99.9,49,999.0,948.1
198,90,2025-12-20 14:21:00,COD,Returned,REF10,10,349.9,0,3499.0,3149.1
199,166,2025-12-20 19:56:00,COD,Delivered,WELCOME10,10,229.9,0,2299.0,2069.1
200,167,2025-12-20 17:24:00,COD,Delivered,NONE,0,0.0,49,999.0,1048.0
201,168,2025-12-20 14:53:00,COD,Delivered,NONE,0,0.0,0,2498.0,2498.0
202,169,2025-12-20 19:04:00,COD,Delivered,REF10,10,609.7,0,6097.0,5487.3
203,170,2025-12-20 14:43:00,COD,Delivered,NONE,0,0.0,0,3499.0,3499.0
204,171,2025-12-21 10:02:00,COD,Delivered,WELCOME10,10,339.8,0,3398.0,3058.2
205,172,2025-12-21 12:23:00,COD,Returned,REF10,10,359.7,0,3597.0,3237.3
206,173,2025-12-21 20:54:00,COD,Delivered,REF10,10,119.9,49,1199.0,1128.1
207,174,2025-12-21 21:33:00,COD,RTO,NONE,0,0.0,49,699.0,748.0
208,175,2025-12-21 12:53:00,COD,Delivered,NONE,0,0.0,49,999.0,1048.0
209,176,2025-12-22 11:49:00,COD,RTO,NONE,0,0.0,0,2598.0,2598.0
210,164,2025-12-22 14:16:00,COD,Delivered,NONE,0,0.0,0,2299.0,2299.0
211,177,2025-12-22 19:38:00,Prepaid,Delivered,WELCOME10,10,299.7,0,2997.0,2697.3
212,178,2025-12-23 11:59:00,COD,Returned,WELCOME10,10,229.9,0,2299.0,2069.1
213,179,2025-12-23 17:17:00,Prepaid,Delivered,NONE,0,0.0,0,2199.0,2199.0
214,180,2025-12-23 08:43:00,COD,Delivered,NONE,0,0.0,0,3097.0,3097.0
215,181,2025-12-24 10:47:00,COD,Delivered,NONE,0,0.0,0,3597.0,3597.0
216,182,2025-12-25 13:49:00,Prepaid,Delivered,NONE,0,0.0,0,999.0,999.0
217,183,2025-12-25 19:18:00,COD,Delivered,REF10,10,799.7,0,7997.0,7197.3
218,184,2025-12-25 20:11:00,COD,Delivered,NONE,0,0.0,0,2298.0,2298.0
219,185,2025-12-26 14:56:00,COD,Returned,LAUNCH15,15,104.85,49,699.0,643.15
220,186,2025-12-26 12:00:00,COD,Delivered,WELCOME10,10,699.8,0,6998.0,6298.2
221,187,2025-12-27 11:28:00,COD,Delivered,REF10,10,119.9,49,1199.0,1128.1
222,188,2025-12-27 12:27:00,COD,RTO,LAUNCH15,15,164.85,49,1099.0,983.15
223,66,2025-12-27 08:16:00,COD,Cancelled,NONE,0,0.0,49,699.0,748.0
224,189,2025-12-27 18:24:00,COD,Delivered,NONE,0,0.0,0,2498.0,2498.0
225,68,2025-12-27 11:39:00,COD,Delivered,NONE,0,0.0,49,999.0,1048.0
226,190,2025-12-27 17:32:00,Prepaid,Delivered,NONE,0,0.0,0,4297.0,4297.0
227,191,2025-12-27 11:12:00,COD,RTO,NONE,0,0.0,49,1199.0,1248.0
228,192,2025-12-27 08:44:00,COD,Delivered,FESTIVE20,20,199.8,49,999.0,848.2
229,193,2025-12-28 18:38:00,COD,Delivered,WELCOME10,10,449.8,0,4498.0,4048.2
230,194,2025-12-28 14:30:00,COD,Delivered,REF10,10,99.9,49,999.0,948.1
231,54,2025-12-28 13:04:00,Prepaid,Delivered,FESTIVE20,20,139.8,0,699.0,559.2
232,195,2025-12-29 13:49:00,COD,RTO,REF10,10,519.6,0,5196.0,4676.4
233,196,2025-12-29 09:51:00,COD,Returned,WELCOME10,10,119.9,49,1199.0,1128.1
234,197,2025-12-29 15:29:00,COD,Delivered,WELCOME10,10,99.9,49,999.0,948.1
235,198,2025-12-30 12:06:00,COD,Delivered,LAUNCH15,15,299.7,0,1998.0,1698.3
236,199,2025-12-30 09:52:00,Prepaid,Delivered,FESTIVE20,20,999.6,0,4998.0,3998.4
237,200,2025-12-30 18:26:00,COD,Delivered,NONE,0,0.0,0,3499.0,3499.0
238,201,2025-12-31 14:53:00,COD,Delivered,NONE,0,0.0,0,3698.0,3698.0
239,202,2025-12-31 16:52:00,COD,Delivered,LAUNCH15,15,434.7,0,2898.0,2463.3
240,203,2025-12-31 13:50:00,COD,RTO,LAUNCH15,15,149.85,49,999.0,898.15
241,204,2026-01-01 15:35:00,COD,Delivered,REF10,10,229.9,0,2299.0,2069.1
242,205,2026-01-01 16:14:00,COD,Delivered,NONE,0,0.0,49,999.0,1048.0
243,206,2026-01-02 12:41:00,COD,RTO,NONE,0,0.0,0,2199.0,2199.0
244,207,2026-01-02 18:39:00,COD,RTO,NONE,0,0.0,0,1499.0,1499.0
245,208,2026-01-02 18:49:00,Prepaid,Delivered,REF10,10,109.9,0,1099.0,989.1
246,209,2026-01-02 14:44:00,COD,Delivered,NONE,0,0.0,49,699.0,748.0
247,210,2026-01-02 15:53:00,COD,Delivered,NONE,0,0.0,0,2098.0,2098.0
248,211,2026-01-03 14:33:00,COD,Cancelled,REF10,10,199.8,0,1998.0,1798.2
249,212,2026-01-03 13:22:00,COD,Delivered,LAUNCH15,15,224.85,49,1499.0,1323.15
250,213,2026-01-03 18:40:00,COD,Delivered,LAUNCH15,15,149.85,49,999.0,898.15
251,214,2026-01-04 17:27:00,COD,Delivered,NONE,0,0.0,0,2298.0,2298.0
252,215,2026-01-04 11:24:00,COD,Delivered,NONE,0,0.0,0,5698.0,5698.0
253,37,2026-01-04 14:05:00,COD,Delivered,FESTIVE20,20,239.8,49,1199.0,1008.2
254,216,2026-01-05 13:48:00,COD,Delivered,NONE,0,0.0,49,999.0,1048.0
255,217,2026-01-05 14:04:00,COD,Delivered,NONE,0,0.0,49,1299.0,1348.0
256,218,2026-01-05 12:01:00,Prepaid,Delivered,FESTIVE20,20,639.4,0,3197.0,2557.6
257,219,2026-01-05 17:37:00,COD,RTO,NONE,0,0.0,0,4498.0,4498.0
258,192,2026-01-05 18:26:00,COD,Delivered,FESTIVE20,20,399.6,0,1998.0,1598.4
259,220,2026-01-05 13:11:00,COD,RTO,LAUNCH15,15,674.7,0,4498.0,3823.3
260,221,2026-01-06 18:45:00,COD,Delivered,NONE,0,0.0,49,1299.0,1348.0
261,141,2026-01-07 16:22:00,COD,Delivered,WELCOME10,10,159.9,49,1599.0,1488.1
262,222,2026-01-07 08:20:00,COD,RTO,LAUNCH15,15,1274.25,0,8495.0,7220.75
263,223,2026-01-07 16:37:00,Prepaid,Delivered,REF10,10,129.9,0,1299.0,1169.1
264,224,2026-01-07 16:14:00,Prepaid,Delivered,NONE,0,0.0,0,1299.0,1299.0
265,225,2026-01-09 19:02:00,COD,Delivered,WELCOME10,10,469.8,0,4698.0,4228.2
266,226,2026-01-09 18:59:00,COD,RTO,NONE,0,0.0,0,4398.0,4398.0
267,227,2026-01-10 09:03:00,COD,Delivered,NONE,0,0.0,0,2299.0,2299.0
268,228,2026-01-11 16:25:00,COD,Delivered,NONE,0,0.0,49,1299.0,1348.0
269,177,2026-01-11 21:11:00,COD,Delivered,FESTIVE20,20,199.8,49,999.0,848.2
270,229,2026-01-11 19:37:00,COD,Delivered,WELCOME10,10,99.9,49,999.0,948.1
271,230,2026-01-11 09:09:00,COD,Returned,REF10,10,699.8,0,6998.0,6298.2
272,231,2026-01-12 14:45:00,COD,Delivered,REF10,10,69.9,49,699.0,678.1
273,232,2026-01-12 20:17:00,Prepaid,Cancelled,WELCOME10,10,199.8,0,1998.0,1798.2
274,233,2026-01-13 12:56:00,COD,Delivered,NONE,0,0.0,0,2598.0,2598.0
275,207,2026-01-13 15:06:00,COD,RTO,WELCOME10,10,99.9,49,999.0,948.1
276,234,2026-01-13 13:58:00,COD,Delivered,FESTIVE20,20,499.6,0,2498.0,1998.4
277,235,2026-01-14 20:01:00,Prepaid,Delivered,REF10,10,319.8,0,3198.0,2878.2
278,236,2026-01-15 13:21:00,Prepaid,Delivered,WELCOME10,10,129.9,0,1299.0,1169.1
279,237,2026-01-17 15:10:00,COD,Delivered,LAUNCH15,15,329.85,0,2199.0,1869.15
280,143,2026-01-17 18:04:00,COD,Delivered,WELCOME10,10,99.9,49,999.0,948.1
281,238,2026-01-17 12:30:00,COD,Delivered,NONE,0,0.0,0,2299.0,2299.0
282,239,2026-01-18 11:53:00,COD,Delivered,NONE,0,0.0,49,1299.0,1348.0
283,240,2026-01-18 14:10:00,COD,Returned,LAUNCH15,15,149.85,49,999.0,898.15
284,241,2026-01-18 12:18:00,COD,Delivered,REF10,10,109.9,49,1099.0,1038.1
285,242,2026-01-18 14:22:00,COD,Delivered,LAUNCH15,15,329.85,0,2199.0,1869.15
286,243,2026-01-18 19:00:00,COD,Delivered,NONE,0,0.0,49,999.0,1048.0
287,244,2026-01-18 20:07:00,COD,Delivered,NONE,0,0.0,0,5896.0,5896.0
288,245,2026-01-19 19:47:00,COD,Delivered,REF10,10,149.9,49,1499.0,1398.1
289,246,2026-01-20 16:55:00,Prepaid,Delivered,LAUNCH15,15,149.85,0,999.0,849.15
290,247,2026-01-20 13:02:00,COD,Cancelled,NONE,0,0.0,0,2199.0,2199.0
291,248,2026-01-20 14:09:00,COD,Delivered,FESTIVE20,20,319.8,49,1599.0,1328.2
292,249,2026-01-21 11:29:00,Prepaid,Delivered,FESTIVE20,20,399.6,0,1998.0,1598.4
293,250,2026-01-21 13:02:00,COD,Delivered,NONE,0,0.0,0,2198.0,2198.0
294,251,2026-01-21 15:14:00,COD,Delivered,NONE,0,0.0,49,999.0,1048.0
295,252,2026-01-22 18:51:00,COD,RTO,NONE,0,0.0,49,699.0,748.0
296,253,2026-01-23 22:33:00,COD,Delivered,NONE,0,0.0,0,4498.0,4498.0
297,254,2026-01-23 12:57:00,COD,Delivered,REF10,10,369.8,0,3698.0,3328.2
298,195,2026-01-24 13:13:00,COD,Delivered,NONE,0,0.0,0,2598.0,2598.0
299,255,2026-01-25 08:07:00,COD,RTO,LAUNCH15,15,149.85,49,999.0,898.15
300,10,2026-01-27 21:48:00,Prepaid,Delivered,REF10,10,169.8,0,1698.0,1528.2
301,256,2026-01-27 10:42:00,Prepaid,Delivered,WELCOME10,10,239.8,0,2398.0,2158.2
302,257,2026-01-27 13:00:00,COD,Delivered,NONE,0,0.0,0,3497.0,3497.0
303,258,2026-01-28 16:17:00,COD,RTO,WELCOME10,10,159.9,49,1599.0,1488.1
304,259,2026-01-28 18:32:00,COD,RTO,REF10,10,499.8,0,4998.0,4498.2
305,260,2026-01-29 14:19:00,Prepaid,Delivered,FESTIVE20,20,939.6,0,4698.0,3758.4
306,261,2026-01-29 18:42:00,COD,Delivered,REF10,10,149.9,49,1499.0,1398.1
307,262,2026-01-29 12:33:00,COD,RTO,LAUNCH15,15,239.85,49,1599.0,1408.15
308,263,2026-01-30 12:23:00,COD,Delivered,NONE,0,0.0,0,4396.0,4396.0
309,264,2026-01-30 19:20:00,COD,RTO,NONE,0,0.0,0,4598.0,4598.0
310,265,2026-01-30 17:56:00,COD,Delivered,REF10,10,219.8,0,2198.0,1978.2
311,266,2026-01-31 16:00:00,COD,RTO,REF10,10,99.9,49,999.0,948.1
312,267,2026-01-31 14:15:00,COD,Delivered,NONE,0,0.0,49,999.0,1048.0
313,268,2026-01-31 18:34:00,COD,Delivered,REF10,10,99.9,49,999.0,948.1
314,269,2026-01-31 16:31:00,COD,Delivered,REF10,10,379.8,0,3798.0,3418.2
315,270,2026-01-31 10:59:00,COD,Delivered,NONE,0,0.0,49,1299.0,1348.0
316,271,2026-02-01 19:32:00,COD,RTO,FESTIVE20,20,1039.4,0,5197.0,4157.6
317,272,2026-02-01 10:11:00,COD,RTO,NONE,0,0.0,0,2598.0,2598.0
318,273,2026-02-02 14:34:00,COD,Delivered,NONE,0,0.0,0,2598.0,2598.0
319,274,2026-02-03 17:40:00,Prepaid,Returned,WELCOME10,10,399.7,0,3997.0,3597.3
320,171,2026-02-03 17:00:00,COD,Delivered,LAUNCH15,15,224.85,49,1499.0,1323.15
321,275,2026-02-04 09:35:00,COD,Cancelled,LAUNCH15,15,1049.4,0,6996.0,5946.6
322,175,2026-02-04 17:43:00,COD,RTO,WELCOME10,10,479.7,0,4797.0,4317.3
323,276,2026-02-04 11:10:00,Prepaid,Delivered,NONE,0,0.0,0,999.0,999.0
324,277,2026-02-05 15:59:00,COD,Delivered,NONE,0,0.0,49,699.0,748.0
325,214,2026-02-06 08:21:00,COD,Delivered,NONE,0,0.0,49,1199.0,1248.0
326,278,2026-02-07 12:19:00,COD,Delivered,FESTIVE20,20,479.6,0,2398.0,1918.4
327,279,2026-02-07 08:44:00,Prepaid,Delivered,LAUNCH15,15,224.85,0,1499.0,1274.15
328,142,2026-02-07 14:21:00,Prepaid,Delivered,NONE,0,0.0,0,999.0,999.0
329,35,2026-02-07 19:36:00,COD,RTO,REF10,10,149.9,49,1499.0,1398.1
330,280,2026-02-07 16:04:00,COD,Delivered,NONE,0,0.0,0,1499.0,1499.0
331,281,2026-02-07 23:39:00,COD,Delivered,WELCOME10,10,169.8,0,1698.0,1528.2
332,282,2026-02-07 09:54:00,COD,Delivered,LAUNCH15,15,149.85,49,999.0,898.15
333,164,2026-02-07 15:48:00,COD,Delivered,REF10,10,159.9,49,1599.0,1488.1
334,157,2026-02-09 17:43:00,COD,Delivered,NONE,0,0.0,0,4698.0,4698.0
335,283,2026-02-09 17:54:00,COD,Delivered,NONE,0,0.0,49,1199.0,1248.0
336,284,2026-02-09 12:06:00,COD,Delivered,NONE,0,0.0,49,999.0,1048.0
337,285,2026-02-11 15:38:00,COD,Delivered,NONE,0,0.0,0,2997.0,2997.0
338,286,2026-02-11 08:48:00,COD,RTO,NONE,0,0.0,49,699.0,748.0
339,287,2026-02-11 15:28:00,COD,Delivered,NONE,0,0.0,0,2299.0,2299.0
340,288,2026-02-12 14:49:00,COD,RTO,NONE,0,0.0,0,1499.0,1499.0
341,289,2026-02-12 19:16:00,COD,Delivered,NONE,0,0.0,0,2997.0,2997.0
342,290,2026-02-13 20:31:00,COD,RTO,WELCOME10,10,99.9,49,999.0,948.1
343,82,2026-02-14 14:39:00,COD,Delivered,NONE,0,0.0,0,1998.0,1998.0
344,291,2026-02-14 14:45:00,COD,Delivered,NONE,0,0.0,49,1099.0,1148.0
345,292,2026-02-14 15:30:00,COD,Delivered,WELCOME10,10,219.8,0,2198.0,1978.2
346,293,2026-02-14 11:22:00,COD,Delivered,WELCOME10,10,159.9,49,1599.0,1488.1
347,294,2026-02-16 21:41:00,COD,Returned,LAUNCH15,15,104.85,49,699.0,643.15
348,295,2026-02-17 13:14:00,Prepaid,Delivered,FESTIVE20,20,699.8,0,3499.0,2799.2
349,296,2026-02-17 09:25:00,COD,Delivered,REF10,10,759.5,0,7595.0,6835.5
350,99,2026-02-18 15:42:00,COD,Delivered,NONE,0,0.0,0,2498.0,2498.0
351,297,2026-02-19 15:04:00,COD,Delivered,WELCOME10,10,229.9,0,2299.0,2069.1
352,298,2026-02-19 20:11:00,COD,Cancelled,NONE,0,0.0,0,8097.0,8097.0
353,299,2026-02-21 17:38:00,COD,RTO,NONE,0,0.0,49,1299.0,1348.0
354,58,2026-02-22 18:57:00,Prepaid,Delivered,NONE,0,0.0,0,2598.0,2598.0
355,300,2026-02-23 12:37:00,COD,RTO,NONE,0,0.0,0,3499.0,3499.0
356,301,2026-02-24 19:38:00,COD,Delivered,NONE,0,0.0,49,1299.0,1348.0
357,302,2026-02-24 18:11:00,COD,RTO,FESTIVE20,20,999.6,0,4998.0,3998.4
358,303,2026-02-25 18:43:00,COD,RTO,NONE,0,0.0,0,2998.0,2998.0
359,304,2026-02-25 16:09:00,COD,Delivered,WELCOME10,10,159.9,49,1599.0,1488.1
360,305,2026-02-25 14:19:00,COD,Delivered,NONE,0,0.0,0,1998.0,1998.0
361,306,2026-02-25 17:55:00,COD,Delivered,NONE,0,0.0,49,1299.0,1348.0
362,307,2026-02-26 11:20:00,COD,Delivered,NONE,0,0.0,49,999.0,1048.0
363,308,2026-02-26 12:44:00,COD,Delivered,NONE,0,0.0,0,3398.0,3398.0
364,309,2026-02-26 22:31:00,COD,RTO,LAUNCH15,15,179.85,49,1199.0,1068.15
365,310,2026-02-26 14:20:00,COD,Delivered,NONE,0,0.0,0,2298.0,2298.0
366,311,2026-02-27 14:29:00,COD,Delivered,NONE,0,0.0,0,3697.0,3697.0
367,18,2026-02-27 18:05:00,COD,Delivered,NONE,0,0.0,0,2198.0,2198.0
368,312,2026-02-27 13:51:00,COD,Delivered,NONE,0,0.0,0,1998.0,1998.0
369,313,2026-02-28 19:53:00,COD,Delivered,WELCOME10,10,319.8,0,3198.0,2878.2
370,314,2026-02-28 19:16:00,COD,Delivered,NONE,0,0.0,49,999.0,1048.0
371,315,2026-03-01 19:15:00,COD,RTO,WELCOME10,10,249.8,0,2498.0,2248.2
372,316,2026-03-02 14:33:00,COD,Delivered,WELCOME10,10,439.6,0,4396.0,3956.4
373,317,2026-03-02 14:54:00,COD,Delivered,FESTIVE20,20,519.6,0,2598.0,2078.4
374,318,2026-03-03 12:22:00,COD,Delivered,NONE,0,0.0,0,1998.0,1998.0
375,319,2026-03-03 11:18:00,COD,RTO,NONE,0,0.0,0,5797.0,5797.0
376,127,2026-03-03 16:13:00,COD,Delivered,FESTIVE20,20,199.8,49,999.0,848.2
377,320,2026-03-04 08:02:00,Prepaid,Delivered,FESTIVE20,20,1379.4,0,6897.0,5517.6
378,321,2026-03-05 11:45:00,Prepaid,Delivered,FESTIVE20,20,1079.4,0,5397.0,4317.6
379,322,2026-03-05 18:44:00,Prepaid,Delivered,REF10,10,459.7,0,4597.0,4137.3
380,323,2026-03-05 16:28:00,COD,RTO,REF10,10,99.9,49,999.0,948.1
381,218,2026-03-06 19:04:00,Prepaid,Delivered,NONE,0,0.0,0,699.0,699.0
382,324,2026-03-07 12:21:00,Prepaid,Delivered,NONE,0,0.0,0,4197.0,4197.0
383,325,2026-03-07 13:09:00,COD,Delivered,NONE,0,0.0,0,5798.0,5798.0
384,151,2026-03-07 16:42:00,COD,Delivered,LAUNCH15,15,329.7,0,2198.0,1868.3
385,326,2026-03-08 22:59:00,COD,Delivered,REF10,10,199.8,0,1998.0,1798.2
386,193,2026-03-08 13:11:00,COD,Delivered,WELCOME10,10,99.9,49,999.0,948.1
387,327,2026-03-08 15:54:00,COD,RTO,NONE,0,0.0,0,4398.0,4398.0
388,328,2026-03-08 08:49:00,COD,RTO,NONE,0,0.0,0,3497.0,3497.0
389,329,2026-03-09 14:42:00,COD,Delivered,NONE,0,0.0,49,999.0,1048.0
390,330,2026-03-09 19:47:00,COD,Delivered,NONE,0,0.0,0,2998.0,2998.0
391,258,2026-03-10 23:13:00,COD,Delivered,NONE,0,0.0,0,6495.0,6495.0
392,331,2026-03-10 14:25:00,COD,Delivered,NONE,0,0.0,49,1199.0,1248.0
393,332,2026-03-10 18:52:00,COD,Delivered,WELCOME10,10,229.8,0,2298.0,2068.2
394,333,2026-03-13 20:20:00,COD,RTO,WELCOME10,10,549.7,0,5497.0,4947.3
395,334,2026-03-13 16:02:00,COD,Delivered,REF10,10,99.9,49,999.0,948.1
396,335,2026-03-13 12:22:00,COD,Delivered,NONE,0,0.0,0,3398.0,3398.0
397,336,2026-03-14 08:15:00,COD,Delivered,NONE,0,0.0,0,3697.0,3697.0
398,337,2026-03-14 14:57:00,COD,Delivered,WELCOME10,10,239.8,0,2398.0,2158.2
399,338,2026-03-15 15:00:00,COD,Delivered,NONE,0,0.0,0,3398.0,3398.0
400,339,2026-03-15 13:27:00,COD,Delivered,LAUNCH15,15,824.55,0,5497.0,4672.45
401,340,2026-03-16 13:26:00,COD,Delivered,NONE,0,0.0,0,1499.0,1499.0
402,341,2026-03-16 14:18:00,Prepaid,Delivered,NONE,0,0.0,0,1099.0,1099.0
403,342,2026-03-17 08:15:00,COD,RTO,NONE,0,0.0,0,3498.0,3498.0
404,343,2026-03-17 14:44:00,COD,Delivered,NONE,0,0.0,0,3598.0,3598.0
405,344,2026-03-17 09:59:00,COD,Delivered,WELCOME10,10,469.7,0,4697.0,4227.3
406,345,2026-03-18 19:39:00,COD,Delivered,NONE,0,0.0,0,6697.0,6697.0
407,346,2026-03-18 18:38:00,COD,Delivered,NONE,0,0.0,49,999.0,1048.0
408,347,2026-03-18 14:07:00,COD,Delivered,NONE,0,0.0,0,1698.0,1698.0
409,348,2026-03-19 13:50:00,COD,Delivered,NONE,0,0.0,49,699.0,748.0
410,349,2026-03-20 08:32:00,Prepaid,Delivered,NONE,0,0.0,0,3198.0,3198.0
411,154,2026-03-20 11:31:00,COD,Delivered,NONE,0,0.0,0,2398.0,2398.0
412,159,2026-03-20 13:53:00,COD,Delivered,FESTIVE20,20,1179.4,0,5897.0,4717.6
413,350,2026-03-23 22:46:00,COD,Delivered,LAUNCH15,15,149.85,49,999.0,898.15
414,351,2026-03-23 19:34:00,COD,Delivered,NONE,0,0.0,0,3499.0,3499.0
415,46,2026-03-25 12:45:00,COD,RTO,NONE,0,0.0,0,1599.0,1599.0
416,352,2026-03-26 12:27:00,COD,Delivered,NONE,0,0.0,0,6496.0,6496.0
417,353,2026-03-26 11:18:00,COD,Delivered,REF10,10,349.9,0,3499.0,3149.1
418,217,2026-03-26 12:05:00,COD,Delivered,FESTIVE20,20,139.8,49,699.0,608.2
419,292,2026-03-27 09:02:00,COD,RTO,LAUNCH15,15,104.85,49,699.0,643.15
420,354,2026-03-28 18:06:00,COD,RTO,NONE,0,0.0,0,4198.0,4198.0
421,355,2026-03-28 13:52:00,COD,Delivered,WELCOME10,10,219.8,0,2198.0,1978.2
422,356,2026-03-29 23:53:00,COD,Delivered,NONE,0,0.0,49,1099.0,1148.0
423,357,2026-03-29 14:40:00,Prepaid,Delivered,NONE,0,0.0,0,999.0,999.0
424,358,2026-03-29 12:48:00,COD,Delivered,WELCOME10,10,99.9,49,999.0,948.1
425,359,2026-03-30 16:43:00,COD,Delivered,REF10,10,99.9,49,999.0,948.1
426,360,2026-03-30 11:07:00,Prepaid,Delivered,NONE,0,0.0,0,999.0,999.0
427,361,2026-03-30 16:01:00,COD,Delivered,NONE,0,0.0,0,4197.0,4197.0
428,362,2026-03-31 10:56:00,COD,Delivered,NONE,0,0.0,0,2697.0,2697.0
429,363,2026-03-31 17:49:00,COD,Delivered,WELCOME10,10,319.8,0,3198.0,2878.2
430,364,2026-03-31 09:54:00,COD,Delivered,LAUNCH15,15,719.4,0,4796.0,4076.6
431,365,2026-04-02 10:59:00,COD,Delivered,REF10,10,289.7,0,2897.0,2607.3
432,366,2026-04-02 11:57:00,COD,Delivered,NONE,0,0.0,0,1998.0,1998.0
433,367,2026-04-03 14:31:00,COD,RTO,LAUNCH15,15,404.55,0,2697.0,2292.45
434,28,2026-04-03 15:32:00,COD,Delivered,REF10,10,219.9,0,2199.0,1979.1
435,368,2026-04-03 15:15:00,COD,Delivered,NONE,0,0.0,0,2398.0,2398.0
436,369,2026-04-04 23:12:00,COD,Delivered,NONE,0,0.0,0,2898.0,2898.0
437,370,2026-04-04 18:49:00,COD,Delivered,FESTIVE20,20,199.8,49,999.0,848.2
438,371,2026-04-04 12:51:00,Prepaid,Delivered,NONE,0,0.0,0,2398.0,2398.0
439,254,2026-04-05 16:05:00,COD,Delivered,LAUNCH15,15,449.7,0,2998.0,2548.3
440,372,2026-04-06 17:45:00,COD,Delivered,FESTIVE20,20,199.8,49,999.0,848.2
441,289,2026-04-07 16:24:00,COD,Delivered,NONE,0,0.0,0,4897.0,4897.0
442,373,2026-04-08 16:52:00,COD,Delivered,REF10,10,449.7,0,4497.0,4047.3
443,374,2026-04-08 20:20:00,COD,Returned,LAUNCH15,15,149.85,49,999.0,898.15
444,375,2026-04-08 13:54:00,COD,RTO,NONE,0,0.0,49,999.0,1048.0
445,273,2026-04-09 18:03:00,COD,Returned,REF10,10,699.7,0,6997.0,6297.3
446,355,2026-04-09 10:35:00,COD,Delivered,NONE,0,0.0,49,999.0,1048.0
447,376,2026-04-10 16:05:00,COD,Delivered,NONE,0,0.0,0,3198.0,3198.0
448,202,2026-04-10 13:11:00,COD,Delivered,NONE,0,0.0,49,999.0,1048.0
449,21,2026-04-11 17:03:00,COD,Delivered,NONE,0,0.0,0,2299.0,2299.0
450,377,2026-04-11 16:19:00,COD,Delivered,WELCOME10,10,309.8,0,3098.0,2788.2
451,378,2026-04-11 18:46:00,Prepaid,Delivered,NONE,0,0.0,0,999.0,999.0
452,379,2026-04-11 20:15:00,COD,RTO,REF10,10,229.9,0,2299.0,2069.1
453,380,2026-04-11 23:00:00,COD,Delivered,NONE,0,0.0,0,4498.0,4498.0
454,381,2026-04-11 18:22:00,COD,RTO,LAUNCH15,15,1064.4,0,7096.0,6031.6
455,382,2026-04-12 18:17:00,COD,Delivered,LAUNCH15,15,419.7,0,2798.0,2378.3
456,383,2026-04-12 15:54:00,COD,Delivered,NONE,0,0.0,0,2698.0,2698.0
457,262,2026-04-12 23:39:00,Prepaid,Delivered,NONE,0,0.0,0,2299.0,2299.0
458,384,2026-04-13 19:57:00,COD,Delivered,NONE,0,0.0,0,3497.0,3497.0
459,385,2026-04-13 19:26:00,COD,Delivered,NONE,0,0.0,49,999.0,1048.0
460,386,2026-04-13 12:16:00,COD,Delivered,NONE,0,0.0,0,2798.0,2798.0
461,387,2026-04-13 11:03:00,Prepaid,Delivered,NONE,0,0.0,0,1199.0,1199.0
462,11,2026-04-14 08:45:00,COD,Returned,NONE,0,0.0,49,999.0,1048.0
463,388,2026-04-16 16:26:00,COD,Delivered,NONE,0,0.0,0,3197.0,3197.0
464,389,2026-04-16 12:48:00,COD,Delivered,NONE,0,0.0,49,699.0,748.0
465,390,2026-04-16 17:38:00,COD,RTO,NONE,0,0.0,0,3597.0,3597.0
466,391,2026-04-16 11:33:00,COD,Delivered,NONE,0,0.0,0,1698.0,1698.0
467,392,2026-04-17 12:11:00,COD,Delivered,NONE,0,0.0,0,3297.0,3297.0
468,176,2026-04-18 12:03:00,COD,Delivered,NONE,0,0.0,0,3499.0,3499.0
469,393,2026-04-19 21:06:00,COD,Returned,NONE,0,0.0,0,5798.0,5798.0
470,46,2026-04-19 23:37:00,COD,Returned,NONE,0,0.0,0,1998.0,1998.0
471,394,2026-04-21 17:58:00,Prepaid,RTO,NONE,0,0.0,0,999.0,999.0
472,395,2026-04-21 10:13:00,COD,Delivered,NONE,0,0.0,0,3499.0,3499.0
473,396,2026-04-22 14:50:00,COD,Delivered,NONE,0,0.0,0,1698.0,1698.0
474,369,2026-04-22 08:22:00,COD,Delivered,NONE,0,0.0,0,3499.0,3499.0
475,127,2026-04-22 17:12:00,COD,Delivered,NONE,0,0.0,0,3897.0,3897.0
476,397,2026-04-22 14:47:00,COD,Delivered,WELCOME10,10,99.9,49,999.0,948.1
477,77,2026-04-23 13:19:00,COD,Delivered,NONE,0,0.0,0,2398.0,2398.0
478,103,2026-04-23 13:58:00,COD,Delivered,LAUNCH15,15,149.85,49,999.0,898.15
479,398,2026-04-23 11:03:00,COD,RTO,NONE,0,0.0,0,1599.0,1599.0
480,399,2026-04-23 20:32:00,COD,Delivered,REF10,10,169.8,0,1698.0,1528.2
481,400,2026-04-24 20:17:00,COD,RTO,NONE,0,0.0,0,6196.0,6196.0
482,401,2026-04-24 11:12:00,COD,Delivered,NONE,0,0.0,0,6596.0,6596.0
483,402,2026-04-24 12:30:00,COD,Delivered,FESTIVE20,20,399.6,0,1998.0,1598.4
484,403,2026-04-24 10:26:00,COD,Delivered,REF10,10,119.9,49,1199.0,1128.1
485,404,2026-04-25 17:41:00,Prepaid,Delivered,NONE,0,0.0,0,1199.0,1199.0
486,203,2026-04-26 09:10:00,COD,Delivered,NONE,0,0.0,0,5397.0,5397.0
487,43,2026-04-26 20:18:00,COD,Delivered,FESTIVE20,20,239.8,49,1199.0,1008.2
488,396,2026-04-28 13:36:00,COD,RTO,WELCOME10,10,329.8,0,3298.0,2968.2
489,405,2026-04-28 17:48:00,COD,Delivered,WELCOME10,10,219.8,0,2198.0,1978.2
490,406,2026-04-28 10:55:00,COD,Delivered,NONE,0,0.0,0,2498.0,2498.0
491,407,2026-04-28 18:04:00,COD,Delivered,NONE,0,0.0,0,2198.0,2198.0
492,408,2026-04-29 12:09:00,COD,RTO,NONE,0,0.0,0,3197.0,3197.0
493,409,2026-04-29 12:31:00,COD,RTO,REF10,10,539.7,0,5397.0,4857.3
494,410,2026-04-30 16:03:00,COD,Delivered,NONE,0,0.0,0,1499.0,1499.0
495,411,2026-04-30 13:59:00,COD,Returned,WELCOME10,10,169.8,0,1698.0,1528.2
496,412,2026-05-02 21:48:00,COD,Delivered,REF10,10,349.9,0,3499.0,3149.1
497,413,2026-05-02 13:19:00,COD,RTO,NONE,0,0.0,0,3499.0,3499.0
498,414,2026-05-03 19:30:00,COD,Delivered,NONE,0,0.0,49,999.0,1048.0
499,415,2026-05-03 15:44:00,COD,Delivered,NONE,0,0.0,49,699.0,748.0
500,416,2026-05-03 11:34:00,COD,Delivered,REF10,10,119.9,49,1199.0,1128.1
501,417,2026-05-04 18:12:00,COD,Delivered,NONE,0,0.0,49,999.0,1048.0
502,418,2026-05-04 11:29:00,COD,Delivered,LAUNCH15,15,404.7,0,2698.0,2293.3
503,104,2026-05-05 09:03:00,Prepaid,Delivered,NONE,0,0.0,0,999.0,999.0
504,401,2026-05-06 18:38:00,COD,Delivered,NONE,0,0.0,0,1998.0,1998.0
505,419,2026-05-06 23:22:00,Prepaid,Delivered,NONE,0,0.0,0,4398.0,4398.0
506,420,2026-05-06 17:29:00,COD,RTO,WELCOME10,10,129.9,49,1299.0,1218.1
507,421,2026-05-07 08:00:00,Prepaid,Delivered,NONE,0,0.0,0,1998.0,1998.0
508,422,2026-05-07 09:17:00,COD,Delivered,NONE,0,0.0,0,3499.0,3499.0
509,206,2026-05-07 18:17:00,COD,Delivered,NONE,0,0.0,49,999.0,1048.0
510,190,2026-05-07 16:19:00,COD,Delivered,LAUNCH15,15,149.85,49,999.0,898.15
511,423,2026-05-08 14:27:00,COD,Delivered,NONE,0,0.0,49,999.0,1048.0
512,424,2026-05-08 18:06:00,COD,Delivered,NONE,0,0.0,49,1199.0,1248.0
513,425,2026-05-08 16:49:00,COD,Delivered,REF10,10,99.9,49,999.0,948.1
514,426,2026-05-08 21:35:00,Prepaid,Delivered,NONE,0,0.0,0,699.0,699.0
515,427,2026-05-09 20:01:00,COD,Delivered,NONE,0,0.0,0,2597.0,2597.0
516,281,2026-05-09 12:48:00,COD,Delivered,FESTIVE20,20,319.8,49,1599.0,1328.2
517,257,2026-05-09 10:10:00,COD,Delivered,FESTIVE20,20,639.6,0,3198.0,2558.4
518,428,2026-05-09 14:25:00,COD,RTO,NONE,0,0.0,0,2498.0,2498.0
519,429,2026-05-10 14:19:00,COD,Delivered,REF10,10,99.9,49,999.0,948.1
520,430,2026-05-10 14:39:00,COD,Delivered,NONE,0,0.0,49,1299.0,1348.0
521,431,2026-05-10 19:24:00,Prepaid,Delivered,WELCOME10,10,519.6,0,5196.0,4676.4
522,432,2026-05-10 15:37:00,COD,Delivered,NONE,0,0.0,0,4197.0,4197.0
523,433,2026-05-10 13:57:00,COD,Returned,NONE,0,0.0,0,1998.0,1998.0
524,434,2026-05-11 15:03:00,COD,Delivered,NONE,0,0.0,0,1898.0,1898.0
525,435,2026-05-11 15:14:00,COD,Delivered,NONE,0,0.0,0,3097.0,3097.0
526,436,2026-05-12 09:29:00,COD,Delivered,NONE,0,0.0,0,1499.0,1499.0
527,437,2026-05-12 12:22:00,Prepaid,Delivered,NONE,0,0.0,0,4796.0,4796.0
528,438,2026-05-12 09:54:00,COD,RTO,NONE,0,0.0,0,1998.0,1998.0
529,439,2026-05-13 14:02:00,COD,Delivered,NONE,0,0.0,0,3499.0,3499.0
530,440,2026-05-14 14:02:00,COD,Delivered,NONE,0,0.0,0,3298.0,3298.0
531,441,2026-05-15 18:24:00,COD,Delivered,LAUNCH15,15,749.4,0,4996.0,4246.6
532,442,2026-05-16 12:01:00,COD,Delivered,NONE,0,0.0,49,999.0,1048.0
533,337,2026-05-16 16:12:00,COD,RTO,NONE,0,0.0,0,1499.0,1499.0
534,443,2026-05-16 11:53:00,COD,Delivered,WELCOME10,10,69.9,49,699.0,678.1
535,444,2026-05-17 10:26:00,COD,Delivered,NONE,0,0.0,0,2298.0,2298.0
536,445,2026-05-17 13:12:00,COD,Delivered,REF10,10,409.7,0,4097.0,3687.3
537,446,2026-05-18 18:32:00,COD,Delivered,NONE,0,0.0,49,999.0,1048.0
538,447,2026-05-18 09:19:00,COD,Returned,NONE,0,0.0,0,1998.0,1998.0
539,132,2026-05-18 14:22:00,COD,Delivered,FESTIVE20,20,1359.4,0,6797.0,5437.6
540,448,2026-05-18 19:21:00,COD,Delivered,LAUNCH15,15,194.85,49,1299.0,1153.15
541,7,2026-05-19 20:04:00,Prepaid,Delivered,LAUNCH15,15,644.55,0,4297.0,3652.45
542,47,2026-05-21 11:18:00,COD,Delivered,NONE,0,0.0,49,999.0,1048.0
543,449,2026-05-21 08:30:00,COD,Delivered,NONE,0,0.0,49,999.0,1048.0
544,450,2026-05-23 11:08:00,COD,RTO,NONE,0,0.0,49,999.0,1048.0
545,451,2026-05-24 14:13:00,COD,Delivered,REF10,10,99.9,49,999.0,948.1
546,452,2026-05-24 15:53:00,Prepaid,Delivered,FESTIVE20,20,399.6,0,1998.0,1598.4
547,453,2026-05-25 13:54:00,COD,Delivered,NONE,0,0.0,0,3499.0,3499.0
548,454,2026-05-25 15:00:00,COD,Delivered,FESTIVE20,20,559.6,0,2798.0,2238.4
549,455,2026-05-26 14:20:00,COD,Delivered,NONE,0,0.0,0,4598.0,4598.0
550,456,2026-05-26 11:07:00,COD,RTO,NONE,0,0.0,0,2199.0,2199.0
551,457,2026-05-27 14:30:00,COD,Delivered,NONE,0,0.0,0,4797.0,4797.0
552,458,2026-05-27 12:13:00,COD,Delivered,NONE,0,0.0,49,999.0,1048.0
553,459,2026-05-27 17:42:00,COD,Delivered,NONE,0,0.0,49,999.0,1048.0
554,460,2026-05-27 12:01:00,COD,Delivered,WELCOME10,10,149.9,49,1499.0,1398.1
555,461,2026-05-28 16:00:00,COD,Delivered,REF10,10,119.9,49,1199.0,1128.1
556,348,2026-05-28 12:40:00,COD,Delivered,NONE,0,0.0,0,2198.0,2198.0
557,462,2026-05-28 11:34:00,COD,Delivered,NONE,0,0.0,0,4498.0,4498.0
558,463,2026-05-29 17:28:00,COD,Delivered,FESTIVE20,20,459.8,0,2299.0,1839.2
559,29,2026-05-29 16:30:00,COD,Delivered,NONE,0,0.0,0,2299.0,2299.0
560,464,2026-05-30 11:02:00,COD,Delivered,NONE,0,0.0,0,3499.0,3499.0
561,465,2026-05-30 09:19:00,COD,Delivered,NONE,0,0.0,49,999.0,1048.0
562,466,2026-05-31 15:37:00,COD,Delivered,NONE,0,0.0,0,1798.0,1798.0
563,467,2026-05-31 15:31:00,COD,Delivered,NONE,0,0.0,49,999.0,1048.0
564,468,2026-05-31 19:46:00,Prepaid,Delivered,NONE,0,0.0,0,1599.0,1599.0
565,469,2026-05-31 18:05:00,Prepaid,Delivered,REF10,10,99.9,0,999.0,899.1
566,331,2026-06-02 10:34:00,Prepaid,Delivered,LAUNCH15,15,239.85,0,1599.0,1359.15
567,300,2026-06-02 14:48:00,Prepaid,Delivered,REF10,10,109.9,0,1099.0,989.1
568,470,2026-06-02 10:56:00,COD,Delivered,NONE,0,0.0,49,999.0,1048.0
569,471,2026-06-03 19:53:00,COD,Delivered,LAUNCH15,15,344.7,0,2298.0,1953.3
570,472,2026-06-03 12:34:00,Prepaid,Delivered,NONE,0,0.0,0,2299.0,2299.0
571,473,2026-06-03 17:15:00,COD,Cancelled,NONE,0,0.0,49,999.0,1048.0
572,377,2026-06-04 16:37:00,Prepaid,Delivered,NONE,0,0.0,0,1199.0,1199.0
573,474,2026-06-04 11:48:00,COD,Delivered,NONE,0,0.0,0,3298.0,3298.0
574,191,2026-06-04 14:07:00,COD,RTO,NONE,0,0.0,0,2298.0,2298.0
575,475,2026-06-04 09:08:00,Prepaid,Delivered,LAUNCH15,15,524.7,0,3498.0,2973.3
576,378,2026-06-05 13:25:00,Prepaid,Cancelled,NONE,0,0.0,0,1199.0,1199.0
577,476,2026-06-05 21:05:00,COD,Delivered,NONE,0,0.0,0,2098.0,2098.0
578,477,2026-06-07 12:04:00,Prepaid,Delivered,NONE,0,0.0,0,2199.0,2199.0
579,478,2026-06-07 12:18:00,Prepaid,Delivered,NONE,0,0.0,0,2199.0,2199.0
580,215,2026-06-07 14:26:00,Prepaid,Delivered,NONE,0,0.0,0,1798.0,1798.0
581,479,2026-06-07 12:49:00,COD,RTO,WELCOME10,10,439.8,0,4398.0,3958.2
582,480,2026-06-09 16:38:00,Prepaid,Delivered,NONE,0,0.0,0,1099.0,1099.0
583,481,2026-06-10 12:53:00,COD,Delivered,NONE,0,0.0,0,3499.0,3499.0
584,482,2026-06-10 15:05:00,Prepaid,Delivered,REF10,10,499.6,0,4996.0,4496.4
585,259,2026-06-11 16:45:00,COD,Delivered,WELCOME10,10,99.9,49,999.0,948.1
586,483,2026-06-11 19:36:00,COD,Delivered,NONE,0,0.0,49,1398.0,1447.0
587,484,2026-06-12 14:03:00,Prepaid,Delivered,NONE,0,0.0,0,2398.0,2398.0
588,485,2026-06-12 11:48:00,COD,Delivered,NONE,0,0.0,49,1199.0,1248.0
589,21,2026-06-13 12:31:00,Prepaid,Delivered,LAUNCH15,15,149.85,0,999.0,849.15
590,486,2026-06-13 17:03:00,Prepaid,Delivered,LAUNCH15,15,329.85,0,2199.0,1869.15
591,487,2026-06-13 13:20:00,COD,Delivered,WELCOME10,10,329.7,0,3297.0,2967.3
592,473,2026-06-13 20:34:00,Prepaid,Delivered,REF10,10,549.7,0,5497.0,4947.3
593,488,2026-06-13 11:12:00,COD,Returned,NONE,0,0.0,49,1199.0,1248.0
594,464,2026-06-14 13:08:00,Prepaid,Delivered,NONE,0,0.0,0,2098.0,2098.0
595,489,2026-06-14 09:37:00,Prepaid,Delivered,NONE,0,0.0,0,9396.0,9396.0
596,490,2026-06-15 13:47:00,COD,Delivered,NONE,0,0.0,0,2199.0,2199.0
597,491,2026-06-16 20:03:00,Prepaid,Returned,WELCOME10,10,539.7,0,5397.0,4857.3
598,492,2026-06-16 10:18:00,Prepaid,Delivered,NONE,0,0.0,0,3499.0,3499.0
599,493,2026-06-16 14:28:00,COD,RTO,NONE,0,0.0,0,1998.0,1998.0
600,494,2026-06-16 10:14:00,Prepaid,Delivered,NONE,0,0.0,0,2898.0,2898.0
601,495,2026-06-17 15:21:00,Prepaid,RTO,NONE,0,0.0,0,999.0,999.0
602,496,2026-06-18 17:11:00,Prepaid,Delivered,NONE,0,0.0,0,1499.0,1499.0
603,497,2026-06-18 11:06:00,Prepaid,Delivered,LAUNCH15,15,1709.4,0,11396.0,9686.6
604,498,2026-06-18 20:07:00,COD,RTO,FESTIVE20,20,299.8,49,1499.0,1248.2
605,499,2026-06-18 19:43:00,COD,Delivered,REF10,10,229.9,0,2299.0,2069.1
606,500,2026-06-19 09:06:00,Prepaid,Delivered,NONE,0,0.0,0,2997.0,2997.0
607,135,2026-06-20 18:36:00,COD,Delivered,FESTIVE20,20,459.8,0,2299.0,1839.2
608,501,2026-06-20 08:10:00,COD,RTO,NONE,0,0.0,0,1998.0,1998.0
609,135,2026-06-20 17:37:00,COD,Delivered,NONE,0,0.0,0,2098.0,2098.0
610,502,2026-06-20 16:45:00,Prepaid,Delivered,REF10,10,199.8,0,1998.0,1798.2
611,503,2026-06-20 12:32:00,COD,Delivered,NONE,0,0.0,49,999.0,1048.0
612,504,2026-06-21 10:47:00,COD,Delivered,LAUNCH15,15,329.85,0,2199.0,1869.15
613,505,2026-06-21 17:01:00,COD,Delivered,NONE,0,0.0,0,2198.0,2198.0
614,506,2026-06-21 17:31:00,COD,Delivered,LAUNCH15,15,344.85,0,2299.0,1954.15
615,507,2026-06-22 08:17:00,COD,Delivered,NONE,0,0.0,0,4397.0,4397.0
616,408,2026-06-23 23:15:00,COD,Delivered,NONE,0,0.0,49,1398.0,1447.0
617,508,2026-06-23 18:22:00,Prepaid,Delivered,FESTIVE20,20,399.6,0,1998.0,1598.4
618,509,2026-06-23 12:20:00,COD,Delivered,NONE,0,0.0,49,999.0,1048.0
619,510,2026-06-23 13:07:00,COD,Delivered,WELCOME10,10,149.9,49,1499.0,1398.1
620,511,2026-06-24 11:12:00,COD,RTO,NONE,0,0.0,0,3097.0,3097.0
621,512,2026-06-24 16:54:00,COD,Delivered,REF10,10,229.9,0,2299.0,2069.1
622,513,2026-06-24 15:06:00,COD,Delivered,NONE,0,0.0,49,1398.0,1447.0
623,514,2026-06-24 15:55:00,Prepaid,RTO,REF10,10,199.8,0,1998.0,1798.2
624,515,2026-06-24 14:11:00,Prepaid,Delivered,NONE,0,0.0,0,2198.0,2198.0
625,516,2026-06-24 19:02:00,Prepaid,Delivered,LAUNCH15,15,914.4,0,6096.0,5181.6
626,381,2026-06-24 14:01:00,COD,Delivered,NONE,0,0.0,0,2098.0,2098.0
627,517,2026-06-25 19:35:00,COD,Cancelled,NONE,0,0.0,0,4097.0,4097.0
628,518,2026-06-26 14:05:00,COD,Delivered,NONE,0,0.0,0,1998.0,1998.0
629,519,2026-06-26 23:55:00,Prepaid,Delivered,NONE,0,0.0,0,5597.0,5597.0
630,520,2026-06-26 10:06:00,Prepaid,Delivered,FESTIVE20,20,599.4,0,2997.0,2397.6
631,63,2026-06-27 17:39:00,Prepaid,Delivered,NONE,0,0.0,0,1299.0,1299.0
632,331,2026-06-27 20:27:00,COD,Delivered,NONE,0,0.0,0,3397.0,3397.0
633,521,2026-06-27 15:50:00,COD,Delivered,NONE,0,0.0,0,6496.0,6496.0
634,96,2026-06-27 09:32:00,Prepaid,Delivered,FESTIVE20,20,399.6,0,1998.0,1598.4
635,522,2026-06-27 14:18:00,COD,Delivered,NONE,0,0.0,49,1199.0,1248.0
636,523,2026-06-27 23:53:00,COD,Delivered,NONE,0,0.0,49,1099.0,1148.0
637,524,2026-06-27 23:02:00,Prepaid,Delivered,NONE,0,0.0,0,2697.0,2697.0
638,156,2026-06-28 18:18:00,Prepaid,Delivered,NONE,0,0.0,0,6997.0,6997.0
639,525,2026-06-28 15:44:00,Prepaid,Delivered,LAUNCH15,15,914.55,0,6097.0,5182.45
640,526,2026-06-28 08:29:00,Prepaid,Delivered,NONE,0,0.0,0,5397.0,5397.0
641,527,2026-06-28 17:15:00,COD,Delivered,NONE,0,0.0,49,1199.0,1248.0
642,528,2026-06-28 12:03:00,Prepaid,Returned,NONE,0,0.0,0,1199.0,1199.0
643,529,2026-06-28 12:12:00,Prepaid,Returned,NONE,0,0.0,0,1299.0,1299.0
644,530,2026-06-29 10:15:00,COD,RTO,NONE,0,0.0,0,2198.0,2198.0
645,531,2026-06-29 19:33:00,COD,Returned,NONE,0,0.0,0,1998.0,1998.0
646,532,2026-06-30 09:29:00,COD,Delivered,LAUNCH15,15,374.7,0,2498.0,2123.3
647,221,2026-06-30 13:50:00,COD,Returned,NONE,0,0.0,0,4097.0,4097.0
648,533,2026-06-30 09:25:00,Prepaid,Delivered,WELCOME10,10,479.8,0,4798.0,4318.2
649,534,2026-06-30 13:52:00,Prepaid,Delivered,LAUNCH15,15,764.4,0,5096.0,4331.6
650,402,2026-06-30 17:55:00,Prepaid,Delivered,NONE,0,0.0,0,2598.0,2598.0
651,535,2026-07-01 15:03:00,Prepaid,Delivered,NONE,0,0.0,0,2199.0,2199.0
652,536,2026-07-01 23:06:00,Prepaid,Cancelled,NONE,0,0.0,0,2299.0,2299.0
653,258,2026-07-02 15:44:00,Prepaid,Cancelled,NONE,0,0.0,0,2199.0,2199.0
654,95,2026-07-02 16:06:00,COD,Delivered,NONE,0,0.0,0,2498.0,2498.0
655,537,2026-07-02 19:55:00,Prepaid,Delivered,REF10,10,129.9,0,1299.0,1169.1
656,439,2026-07-02 13:10:00,Prepaid,Delivered,NONE,0,0.0,0,1299.0,1299.0
657,538,2026-07-02 15:39:00,COD,RTO,LAUNCH15,15,239.85,49,1599.0,1408.15
658,539,2026-07-02 13:38:00,Prepaid,Delivered,LAUNCH15,15,149.85,0,999.0,849.15
659,540,2026-07-02 15:27:00,COD,Delivered,NONE,0,0.0,49,999.0,1048.0
660,541,2026-07-03 22:02:00,Prepaid,Delivered,NONE,0,0.0,0,1499.0,1499.0
661,369,2026-07-03 23:54:00,Prepaid,Delivered,WELCOME10,10,99.9,0,999.0,899.1
662,454,2026-07-04 12:52:00,Prepaid,Delivered,FESTIVE20,20,639.6,0,3198.0,2558.4
663,542,2026-07-04 11:08:00,Prepaid,Delivered,FESTIVE20,20,419.6,0,2098.0,1678.4
664,274,2026-07-04 17:55:00,Prepaid,Delivered,LAUNCH15,15,329.7,0,2198.0,1868.3
665,462,2026-07-04 11:49:00,COD,Delivered,NONE,0,0.0,0,4796.0,4796.0
666,447,2026-07-05 17:47:00,COD,Delivered,NONE,0,0.0,49,1199.0,1248.0
667,543,2026-07-05 10:04:00,COD,Delivered,NONE,0,0.0,49,999.0,1048.0
668,544,2026-07-06 22:19:00,Prepaid,Returned,NONE,0,0.0,0,1499.0,1499.0
669,545,2026-07-06 23:53:00,COD,RTO,NONE,0,0.0,0,4197.0,4197.0
670,546,2026-07-07 13:28:00,COD,Delivered,WELCOME10,10,199.8,0,1998.0,1798.2
671,547,2026-07-08 19:32:00,COD,RTO,LAUNCH15,15,179.85,49,1199.0,1068.15
672,548,2026-07-08 08:22:00,Prepaid,Delivered,NONE,0,0.0,0,3498.0,3498.0
673,549,2026-07-08 19:35:00,Prepaid,Delivered,WELCOME10,10,219.9,0,2199.0,1979.1
674,550,2026-07-08 23:18:00,Prepaid,Delivered,NONE,0,0.0,0,3499.0,3499.0
675,551,2026-07-09 23:28:00,COD,Delivered,REF10,10,489.7,0,4897.0,4407.3
676,552,2026-07-09 10:07:00,COD,Delivered,NONE,0,0.0,0,4496.0,4496.0
677,355,2026-07-09 08:07:00,Prepaid,Delivered,NONE,0,0.0,0,1599.0,1599.0
678,84,2026-07-09 13:29:00,COD,Delivered,NONE,0,0.0,49,999.0,1048.0
679,553,2026-07-10 14:38:00,COD,Delivered,NONE,0,0.0,49,1099.0,1148.0
680,431,2026-07-10 14:47:00,COD,Delivered,NONE,0,0.0,0,4597.0,4597.0
681,554,2026-07-10 17:43:00,COD,Delivered,LAUNCH15,15,419.7,0,2798.0,2378.3
682,10,2026-07-10 14:58:00,COD,Delivered,NONE,0,0.0,49,699.0,748.0
683,555,2026-07-11 11:03:00,COD,Cancelled,NONE,0,0.0,49,999.0,1048.0
684,384,2026-07-11 10:33:00,Prepaid,Delivered,FESTIVE20,20,239.8,0,1199.0,959.2
685,556,2026-07-11 11:20:00,COD,Delivered,FESTIVE20,20,739.4,0,3697.0,2957.6
686,557,2026-07-11 17:20:00,COD,Delivered,REF10,10,149.9,49,1499.0,1398.1
687,558,2026-07-11 09:49:00,Prepaid,Delivered,NONE,0,0.0,0,1199.0,1199.0
688,442,2026-07-12 16:17:00,COD,Delivered,LAUNCH15,15,569.7,0,3798.0,3228.3
689,559,2026-07-12 22:55:00,COD,Delivered,FESTIVE20,20,439.8,0,2199.0,1759.2
690,49,2026-07-12 18:48:00,Prepaid,Delivered,NONE,0,0.0,0,1998.0,1998.0
691,560,2026-07-12 15:23:00,COD,RTO,NONE,0,0.0,49,999.0,1048.0
692,81,2026-07-12 10:09:00,Prepaid,Cancelled,WELCOME10,10,99.9,0,999.0,899.1
693,561,2026-07-12 12:16:00,Prepaid,Delivered,LAUNCH15,15,299.7,0,1998.0,1698.3
694,562,2026-07-13 15:23:00,Prepaid,Delivered,NONE,0,0.0,0,999.0,999.0
695,563,2026-07-14 13:51:00,COD,Delivered,LAUNCH15,15,164.85,49,1099.0,983.15
696,409,2026-07-14 13:26:00,COD,Delivered,NONE,0,0.0,49,699.0,748.0
697,564,2026-07-15 12:06:00,Prepaid,Delivered,WELCOME10,10,559.7,0,5597.0,5037.3
698,266,2026-07-15 13:21:00,Prepaid,Delivered,FESTIVE20,20,199.8,0,999.0,799.2
699,565,2026-07-15 21:33:00,COD,Delivered,NONE,0,0.0,0,3499.0,3499.0
700,566,2026-07-16 15:16:00,COD,Delivered,FESTIVE20,20,899.4,0,4497.0,3597.6
701,490,2026-07-16 20:57:00,COD,Delivered,NONE,0,0.0,49,1199.0,1248.0
702,35,2026-07-16 11:17:00,Prepaid,Cancelled,NONE,0,0.0,0,2498.0,2498.0
703,567,2026-07-17 16:14:00,Prepaid,Delivered,NONE,0,0.0,0,999.0,999.0
704,568,2026-07-17 14:00:00,COD,Delivered,NONE,0,0.0,49,699.0,748.0
705,569,2026-07-17 12:32:00,COD,RTO,REF10,10,129.9,49,1299.0,1218.1
706,213,2026-07-18 11:30:00,Prepaid,Delivered,FESTIVE20,20,239.8,0,1199.0,959.2
707,368,2026-07-18 13:46:00,COD,Delivered,LAUNCH15,15,179.85,49,1199.0,1068.15
708,290,2026-07-19 14:51:00,COD,Delivered,NONE,0,0.0,49,999.0,1048.0
709,570,2026-07-19 12:19:00,COD,Delivered,LAUNCH15,15,314.7,0,2098.0,1783.3
710,571,2026-07-20 20:11:00,Prepaid,Delivered,FESTIVE20,20,1159.4,0,5797.0,4637.6
711,572,2026-07-20 14:41:00,Prepaid,Delivered,NONE,0,0.0,0,1499.0,1499.0
712,573,2026-07-20 17:24:00,COD,Returned,NONE,0,0.0,0,2698.0,2698.0
713,574,2026-07-20 12:19:00,COD,Delivered,NONE,0,0.0,49,999.0,1048.0
714,575,2026-07-20 23:06:00,COD,Delivered,NONE,0,0.0,49,999.0,1048.0
715,576,2026-07-21 10:00:00,COD,Delivered,WELCOME10,10,319.8,0,3198.0,2878.2
716,577,2026-07-21 13:04:00,COD,Returned,WELCOME10,10,99.9,49,999.0,948.1
717,578,2026-07-21 20:44:00,COD,Returned,REF10,10,199.8,0,1998.0,1798.2
718,579,2026-07-22 14:20:00,COD,Cancelled,REF10,10,219.9,0,2199.0,1979.1
719,580,2026-07-23 17:00:00,COD,Delivered,NONE,0,0.0,0,3499.0,3499.0
720,581,2026-07-23 15:16:00,COD,RTO,NONE,0,0.0,49,1099.0,1148.0
721,147,2026-07-23 21:56:00,COD,Delivered,REF10,10,149.9,49,1499.0,1398.1
722,582,2026-07-23 11:42:00,COD,Cancelled,WELCOME10,10,99.9,49,999.0,948.1
723,583,2026-07-24 10:35:00,Prepaid,Delivered,NONE,0,0.0,0,1299.0,1299.0
724,57,2026-07-24 11:01:00,Prepaid,Delivered,FESTIVE20,20,459.8,0,2299.0,1839.2
725,584,2026-07-24 17:54:00,COD,Delivered,NONE,0,0.0,0,4997.0,4997.0
726,269,2026-07-24 21:06:00,COD,Returned,NONE,0,0.0,0,5698.0,5698.0
727,585,2026-07-24 11:33:00,COD,Delivered,NONE,0,0.0,0,2998.0,2998.0
728,586,2026-07-25 14:54:00,COD,Delivered,NONE,0,0.0,49,1099.0,1148.0
729,530,2026-07-25 16:25:00,COD,Delivered,REF10,10,99.9,49,999.0,948.1
730,587,2026-07-26 21:05:00,COD,Delivered,NONE,0,0.0,49,1299.0,1348.0
731,588,2026-07-26 15:55:00,COD,Delivered,NONE,0,0.0,49,999.0,1048.0
732,589,2026-07-26 10:56:00,Prepaid,Delivered,NONE,0,0.0,0,1499.0,1499.0
733,273,2026-07-26 14:00:00,Prepaid,Delivered,WELCOME10,10,309.8,0,3098.0,2788.2
734,463,2026-07-26 13:17:00,COD,Delivered,REF10,10,449.8,0,4498.0,4048.2
735,53,2026-07-27 19:26:00,Prepaid,Delivered,NONE,0,0.0,0,2299.0,2299.0
736,202,2026-07-27 12:44:00,COD,Delivered,WELCOME10,10,319.8,0,3198.0,2878.2
737,590,2026-07-27 11:34:00,COD,Delivered,NONE,0,0.0,0,3298.0,3298.0
738,591,2026-07-27 16:56:00,Prepaid,Delivered,NONE,0,0.0,0,999.0,999.0
739,592,2026-07-28 12:51:00,COD,Delivered,FESTIVE20,20,259.8,49,1299.0,1088.2
740,83,2026-07-28 23:00:00,COD,Delivered,NONE,0,0.0,0,3598.0,3598.0
741,21,2026-07-28 15:58:00,COD,Delivered,NONE,0,0.0,0,4697.0,4697.0
742,593,2026-07-28 08:17:00,Prepaid,Delivered,NONE,0,0.0,0,3499.0,3499.0
743,594,2026-07-29 10:49:00,Prepaid,Delivered,NONE,0,0.0,0,2098.0,2098.0
744,595,2026-07-29 12:53:00,COD,Delivered,NONE,0,0.0,0,2299.0,2299.0
745,596,2026-07-31 20:46:00,Prepaid,Delivered,NONE,0,0.0,0,4297.0,4297.0
746,241,2026-08-01 11:38:00,Prepaid,Delivered,REF10,10,349.9,0,3499.0,3149.1
747,525,2026-08-01 16:34:00,Prepaid,Delivered,WELCOME10,10,449.8,0,4498.0,4048.2
748,597,2026-08-01 11:14:00,Prepaid,Delivered,NONE,0,0.0,0,5997.0,5997.0
749,52,2026-08-03 23:28:00,COD,Delivered,LAUNCH15,15,344.85,0,2299.0,1954.15
750,598,2026-08-03 18:14:00,Prepaid,Delivered,NONE,0,0.0,0,999.0,999.0
751,437,2026-08-03 08:53:00,COD,Delivered,NONE,0,0.0,49,1099.0,1148.0
752,47,2026-08-05 16:05:00,COD,RTO,LAUNCH15,15,239.85,49,1599.0,1408.15
753,599,2026-08-06 20:28:00,Prepaid,Delivered,NONE,0,0.0,0,2199.0,2199.0
754,600,2026-08-06 18:17:00,COD,Delivered,NONE,0,0.0,49,999.0,1048.0
755,357,2026-08-06 08:22:00,COD,Returned,WELCOME10,10,69.9,49,699.0,678.1
756,601,2026-08-07 09:30:00,Prepaid,Delivered,NONE,0,0.0,0,1199.0,1199.0
757,262,2026-08-07 17:47:00,COD,RTO,NONE,0,0.0,0,4398.0,4398.0
758,602,2026-08-08 14:28:00,Prepaid,Delivered,WELCOME10,10,419.8,0,4198.0,3778.2
759,603,2026-08-08 20:35:00,Prepaid,Delivered,FESTIVE20,20,299.8,0,1499.0,1199.2
760,604,2026-08-08 16:00:00,COD,Delivered,REF10,10,99.9,49,999.0,948.1
761,450,2026-08-09 12:22:00,COD,Delivered,NONE,0,0.0,49,1299.0,1348.0
762,317,2026-08-09 18:23:00,COD,Delivered,FESTIVE20,20,739.4,0,3697.0,2957.6
763,605,2026-08-09 12:33:00,COD,Delivered,NONE,0,0.0,49,1099.0,1148.0
764,408,2026-08-09 18:51:00,Prepaid,RTO,WELCOME10,10,119.9,0,1199.0,1079.1
765,297,2026-08-10 08:34:00,Prepaid,Delivered,NONE,0,0.0,0,3198.0,3198.0
766,606,2026-08-10 23:53:00,Prepaid,Delivered,NONE,0,0.0,0,1398.0,1398.0
767,607,2026-08-10 08:59:00,COD,Delivered,NONE,0,0.0,0,2398.0,2398.0
768,608,2026-08-10 16:11:00,COD,Delivered,NONE,0,0.0,0,4598.0,4598.0
769,213,2026-08-10 23:30:00,COD,Delivered,NONE,0,0.0,49,699.0,748.0
770,609,2026-08-10 15:51:00,Prepaid,Delivered,FESTIVE20,20,199.8,0,999.0,799.2
771,610,2026-08-11 14:44:00,Prepaid,Delivered,NONE,0,0.0,0,699.0,699.0
772,38,2026-08-11 08:59:00,Prepaid,Delivered,NONE,0,0.0,0,2598.0,2598.0
773,611,2026-08-11 11:40:00,Prepaid,Delivered,WELCOME10,10,419.7,0,4197.0,3777.3
774,612,2026-08-11 21:01:00,COD,Delivered,NONE,0,0.0,49,1299.0,1348.0
775,613,2026-08-11 23:51:00,COD,RTO,NONE,0,0.0,49,1199.0,1248.0
776,614,2026-08-11 18:46:00,Prepaid,RTO,NONE,0,0.0,0,1299.0,1299.0
777,606,2026-08-12 21:18:00,COD,RTO,NONE,0,0.0,0,2498.0,2498.0
778,615,2026-08-12 17:27:00,COD,RTO,WELCOME10,10,219.9,0,2199.0,1979.1
779,616,2026-08-13 16:40:00,COD,Delivered,NONE,0,0.0,0,2298.0,2298.0
780,617,2026-08-14 22:57:00,COD,RTO,NONE,0,0.0,49,999.0,1048.0
781,112,2026-08-14 20:46:00,COD,Delivered,LAUNCH15,15,164.85,49,1099.0,983.15
782,618,2026-08-15 17:44:00,Prepaid,Delivered,NONE,0,0.0,0,1499.0,1499.0
783,619,2026-08-15 18:26:00,COD,RTO,NONE,0,0.0,49,999.0,1048.0
784,620,2026-08-15 16:28:00,Prepaid,Delivered,NONE,0,0.0,0,7796.0,7796.0
785,621,2026-08-16 13:20:00,COD,Delivered,LAUNCH15,15,224.85,49,1499.0,1323.15
786,258,2026-08-16 14:52:00,Prepaid,Delivered,WELCOME10,10,349.8,0,3498.0,3148.2
787,622,2026-08-16 14:21:00,Prepaid,Delivered,NONE,0,0.0,0,4598.0,4598.0
788,264,2026-08-16 14:29:00,COD,Cancelled,NONE,0,0.0,49,999.0,1048.0
789,623,2026-08-17 19:28:00,COD,Delivered,NONE,0,0.0,0,3097.0,3097.0
790,624,2026-08-17 10:16:00,Prepaid,Delivered,NONE,0,0.0,0,999.0,999.0
791,625,2026-08-17 18:04:00,COD,Delivered,NONE,0,0.0,0,2298.0,2298.0
792,92,2026-08-18 11:08:00,COD,Delivered,FESTIVE20,20,199.8,49,999.0,848.2
793,626,2026-08-18 15:04:00,COD,Delivered,NONE,0,0.0,49,999.0,1048.0
794,412,2026-08-19 15:35:00,Prepaid,Delivered,FESTIVE20,20,699.8,0,3499.0,2799.2
795,627,2026-08-19 10:30:00,COD,Delivered,NONE,0,0.0,0,4498.0,4498.0
796,628,2026-08-20 17:36:00,COD,RTO,NONE,0,0.0,0,2199.0,2199.0
797,629,2026-08-21 13:30:00,Prepaid,Delivered,REF10,10,99.9,0,999.0,899.1
798,42,2026-08-21 16:45:00,COD,Delivered,NONE,0,0.0,49,699.0,748.0
799,273,2026-08-21 21:00:00,Prepaid,Delivered,NONE,0,0.0,0,2697.0,2697.0
800,630,2026-08-22 14:21:00,Prepaid,Delivered,NONE,0,0.0,0,1599.0,1599.0
801,631,2026-08-22 17:15:00,COD,Delivered,NONE,0,0.0,49,999.0,1048.0
802,625,2026-08-22 10:46:00,COD,Delivered,NONE,0,0.0,0,3197.0,3197.0
803,281,2026-08-22 13:29:00,Prepaid,Delivered,NONE,0,0.0,0,2299.0,2299.0
804,532,2026-08-23 09:31:00,Prepaid,Delivered,NONE,0,0.0,0,4598.0,4598.0
805,405,2026-08-23 14:47:00,Prepaid,Delivered,NONE,0,0.0,0,2498.0,2498.0
806,632,2026-08-23 13:17:00,COD,Delivered,NONE,0,0.0,0,3798.0,3798.0
807,36,2026-08-23 08:03:00,COD,Delivered,NONE,0,0.0,49,999.0,1048.0
808,633,2026-08-23 16:04:00,Prepaid,Delivered,NONE,0,0.0,0,3499.0,3499.0
809,634,2026-08-24 13:36:00,Prepaid,Delivered,NONE,0,0.0,0,2199.0,2199.0
810,330,2026-08-24 19:09:00,Prepaid,Delivered,REF10,10,369.8,0,3698.0,3328.2
811,635,2026-08-24 17:19:00,Prepaid,Delivered,LAUNCH15,15,374.7,0,2498.0,2123.3
812,333,2026-08-24 21:35:00,Prepaid,Returned,NONE,0,0.0,0,2298.0,2298.0
813,636,2026-08-25 12:04:00,COD,Delivered,WELCOME10,10,249.8,0,2498.0,2248.2
814,637,2026-08-25 17:05:00,COD,Delivered,FESTIVE20,20,939.4,0,4697.0,3757.6
815,638,2026-08-25 09:12:00,Prepaid,Delivered,LAUNCH15,15,764.4,0,5096.0,4331.6
816,186,2026-08-26 11:52:00,COD,Delivered,NONE,0,0.0,0,2199.0,2199.0
817,639,2026-08-26 14:52:00,COD,Delivered,LAUNCH15,15,149.85,49,999.0,898.15
818,640,2026-08-26 13:33:00,Prepaid,Delivered,FESTIVE20,20,659.6,0,3298.0,2638.4
819,57,2026-08-27 18:31:00,Prepaid,Delivered,NONE,0,0.0,0,999.0,999.0
820,166,2026-08-27 09:24:00,COD,Delivered,NONE,0,0.0,0,2198.0,2198.0
821,530,2026-08-27 08:22:00,COD,Delivered,NONE,0,0.0,0,1499.0,1499.0
822,583,2026-08-28 13:20:00,Prepaid,Delivered,NONE,0,0.0,0,999.0,999.0
823,641,2026-08-28 14:30:00,Prepaid,RTO,REF10,10,149.9,0,1499.0,1349.1
824,642,2026-08-29 10:57:00,Prepaid,Delivered,NONE,0,0.0,0,2098.0,2098.0
825,643,2026-08-30 19:57:00,Prepaid,RTO,NONE,0,0.0,0,4396.0,4396.0
826,644,2026-08-30 14:01:00,COD,Delivered,WELCOME10,10,119.9,49,1199.0,1128.1
827,645,2026-08-30 13:06:00,COD,Delivered,FESTIVE20,20,1159.4,0,5797.0,4637.6
828,78,2026-08-30 16:01:00,Prepaid,Delivered,NONE,0,0.0,0,4598.0,4598.0
829,646,2026-08-30 09:03:00,Prepaid,Delivered,WELCOME10,10,479.7,0,4797.0,4317.3
830,647,2026-08-30 16:10:00,Prepaid,Delivered,NONE,0,0.0,0,1299.0,1299.0
831,415,2026-08-31 19:09:00,COD,Delivered,NONE,0,0.0,0,4498.0,4498.0
832,421,2026-08-31 21:49:00,COD,RTO,NONE,0,0.0,0,3498.0,3498.0
833,648,2026-08-31 14:55:00,Prepaid,Returned,NONE,0,0.0,0,3297.0,3297.0
834,189,2026-08-31 12:56:00,Prepaid,Delivered,NONE,0,0.0,0,1099.0,1099.0
835,623,2026-08-31 22:01:00,Prepaid,Delivered,NONE,0,0.0,0,2498.0,2498.0
